Polarity,Text
Negative,الأصدار الجديد للفيس فعلا كل مره بيذداد سوء انا كرهت التطبيق بسبب البطء والملل الشديد ياريت حد يهتم برأينا:-(
Negative,بطىء جدا وتحديثاته مملة يجب تحسين التحديثات ثانيا يجب اغلاق اي حساب عندة البلاغ علية ويحذر الشخص مرتين وبلاغ الثالث تغلق للحسابات التي تدعو للعنف والطاءفية وشكرا
Negative,ع طول فى انتظار الاتصال بالشبكه والتحديث تقيل جدااااا ع الجهاز مع ان النت كويس جدا ياريت تعبرونا بقا كل الناس اللى بتعلق دى محدش بيعبرها ولا بتهتموا بتعليقاتها
Negative,الاصدار الاخير سئ جدا جدا انتو بتحدثو ولا بتفسدو الابلكيشن بقى سيئ جدا ياريت التعامل مع مشاكل التطبيق وحلها ومراعاة المستخدمين والاهتمام
Negative,عم يعلق الجهاز قبل التحديث ماكان في مشكلة اما بعد التحديث صار ثقيل الجهاز وعم يعلق ارجو حل المشكلة ارجو تعديله وارجاع استقبال الرسائل بدون اي تطبيقات أخرى بدون مسنجر
Negative,سيئ صاير بقرف ماعم يسجل دخول وما عم يعد اللغه العربية الرجاء حل المشكلة
Negative,الواحد لو حب يدخل علي حسابه تطلع عيون اهله واذا حب يعمل حساب جديد بالضبط زي اللي سا قط قيد ولسه هيطلع ورق من جديد عايز صوره اثبات من هويتك الشخصيه موثقه من جهة حكوميه وماضي عليها اتنين موظفين او بطاقتين لعضوية نادي او غيره حد يرد ارجو الايضاح
Negative,ك برنامج تواصل جميل اما يوجد مشكلة في تاخر وصول رسائل الدردشة من غير الاصدقاء وعدم تشغيل خاصية البث المباشر ارجو معالجة الامر
Negative,ما اعرفش ليه بيسجل خروج بدون اذني ليه التحديث زفت نيله خالص الفديو اول التشغيل يفصل لوحده وبعدها تضغط تشغيل تاني ايه الملل ده
Negative,"برنامج فاشل بطيء بالتنزيل ميزات والتحديثات الجديده فاشله تقييمي للبرنامج 0% بطيء جدا يستغرق وقت كثير،أرجو التحسين للأفضل ""فاشل"""
Positive,الحقيقه والواقع برنامج جيد وذلك يقوم بتحديث الفيس بشكل جيد وتحيه طيبه للجميع
Negative,تحديث كل يوم تحديث ومش شايف فيه جديد وفيه مشكلة مش بتتحل ليه لما بنزل صوره على الفيس ليه بيدخل على الصوره علطول المفروض يدخل على الاستوديو
Negative,Problem لما بكون عم احكي عل مسنجر وبحط عرض الصفحة الشخصية ما بيبن شي كان ابل تطلع صفحتو يلي عم احكي معو بتمنا تنحل هل مشكلة وياربت فيني احي رسائل من دون مانزل المسنجر
Negative,بطيء جدا جدا فيه بطء .. حاجه ممله على الاخر بسبب التحديثات كل مره بيزيد عن اللي قبلها
Positive,التطبيق جميل جدا ويستاهل أكثر من 5 انجوم
Negative,عملت نجمة حتى اقدر اعلق طبعا زبالة ولايوجد اللغة عربية
Negative,سيء جدا جدا بطيء مايستاهل نجمة
Negative,تركيا انصحكم لاتنزلو هالبرمامج لأنو زبالة زبالة زبالة ومايسوى فرنك هاذا موتحديث هاذا تجحيش وهاي 5نجوم موللبرنامج مايستاهل شي بس هاي منشان ماحدا يتورط مثلي
Negative,البرنامج زفت اسؤ من الاول الاصدار القديم كان احسن
Negative,كان الاول سريع وحلوا انا دلوقتى بطئ جدا ومش بيفتح بسرعه وكمان. مش بيبعت الصور فى الردود والكومنتات والدردشه ياااريت التعديل بسرعه
Negative,اليمن كان جميل جدا وسريع بس كان فيه عيب ان الفديو ما يفتحش شاشة كامله اما اﻻن صار ثقيل جدا اتمنى اصلاحه
Negative,سئ جدا بعد تحديثه نسخه الاخيره المحدثه حاجه زفت ما بيفتح الا بعد ساعه وتحميله بطئ جدا
Positive,روعه ولكن لا يتيح لي الاطلاع الا على مئة تعليق فقط وينقصه خاصية النسخ واللصق بشكل عام انصح به😉
Negative,زباله من لام نزلت التحديث الجديد ارجو حل المشكله مش راضي يفتح عندي من البطئ
Negative,Egypt برنامج السراحه زباله وأزبل من كده مفيش والبرنامج الثاني والماسجر الاثنان أزبل. من بعض مفيش ولا برنامج عدل يا رب (يصمموا برنامج فيس بوك غير الاثين ويكون أسرع منها ويكون دائمآ مجانآ عشان السراحه الواحد زهئ من المعامله الزباله)
Negative,وحش جدا بعد التحديثات بقا بطئ جدا بعد ماكان سريع والاشعارات لم تعد مثل الاول 😔
Negative,البرنامج الو اكتر من ساعتين عم يحمل تا يفتح الحساب وما فتح شو هالبرنامج هاد تافه شو لو اختراع الذره كان خلصت
Negative,سيء جداً تباً لكم زااريد ان اقول اكثر من هذا فانحن برمضان الفيس القديم كان افضل
Positive,أنصح بتحميله جميل جدا ومساحته صغيره خفييييف جدا علي الجهاز ومش بيخليه تقيل بجد يستاهل عشر نجوم
Positive,رائع فقط تحسينه في تكبير الخط فرغم الترڨيل يبقى ضعيف ولا يرى بوضوح . جميل جدا
Positive,كويس بس لو تقدرو تخليه ينزل فيديو كمان يخود 5 نجوم
Positive, قووووووة لو زيد فية شويت تحسينات من التعليقات وغير ذالك
Positive, جميل جدا ويتصف بالسرعة تطبيق كامل ومدهش انصح بالتحميل فورا
Negative, البرنامج مع التحديثات الجديدة صارت المقاطع الفيديو يعلقن وما يشتغلن وبرغم وجود الشبكة 4G .... الرجاااء إصلاح المشكله في اسرع وقت
Positive,البرنامج كتير حلو بنصحكون تنزلو اول ما بتفتح البرنامج ما بتفهم عليه شي ،بس بعدين بتتعلم وبتتعود عليها حلوة.
Positive,التطبيق مرررره حلووو يعني برنامج يجنن وربي حلووو
Negative,فــــَـــاشْــــــل اول حاجه ماهو عربي وعند التحميل وانشاء الحساب غير تغير اللغه بالجهاز وبعد كذا جميع الاعدادات انجليزي بس اسمك فقط يتحول عربي …… ليش بنقاليه حنا .. والشي الثاني مقاطع الفديو يقصها… ليش ع كيف ابوك تقصها والا .. فاشل بقوه وبس
Negative,ابغى أضيف اصدقاءي حول 50 واحد مايقدر ولااكثر برنامج خايس ويعطي بلوك جعل البلوك ينفك في روسكم ارجو المساعده وعدم عمل البلوك حتى أعطيه خمس نجوم
Positive,يحتاج الى تعديل بسيط وهو ان نستطيع نسخ التعاليق وحفظ الصور
Negative,فيه مشكلة من لما طلع التحديث الجديد ومش راضي يفتح ﻻصور تضهر وﻻموجز دايم يقول تعذر تحديث الموجز عل الرغم من ان عندي الشبكة فل وسرعة النت ممتازة وكل شي يشتغل فيس يوتيويب وتس فيبر وكل شي اﻻ اﻻنستقرام ماراضي يشتغل وجربت حذفت البرنامج ورديته ومارضي يشتغل
Negative,انا عندي مشكله انا كنت مثبت تطبيق الانستجرام و مسحته بالخطأ و قمت بتثبيته مره اخري لكنه يظهر لي بالشكل القديم وليس بالتحديث الاخير وقمت بأزالته وتثبيته مره اخري لكن لا يعطني شيئ برجاء الرد.
Negative,خلود الصانع هو برنامج حليل بس فااااااااششششششششلللل من ناحيه انه بس يطلع الناس من حساباتهم !!وكل ماسويت لايك او تعليق قال لازم تظخل الرقم واذا دخلت الرقم قال خطأ سلامات ؟؟!!
Positive,شكرا انستقرام تعودنا عالتحديث الجديد بس اتمنى يتغير الشكل من بره .. مرات يعلق ويتسكر بروحه ثقيل شوي .. نبي خاصية تحميل الصور والفيدهات وتمكين الروابط بس بشكل عام جيد جدا
Negative,عندي مشكله واحتاج مساعده هذي خامس مره أول الاستقرار في وقت واحد وكل ما نزل مو راضي يفتح حسابي ولا راضي أنه اسوي حساب جديد وابغى من طريق وشوفوا وش الحل ظرووووري 😢
Negative,أرجو حل المشكله بأسرع وقت ياخي انا كل ما اعلق او اكتب بل كومنت تطلعلي رساله والكومنت ما يروح وش السوات ياجماعه الخير
Positive,البرنامج ممتاز جدا. ...بس هناك مشكلة نسخ الصوره....وتحميل المقطع. ..لا يعمل...ارجو إضافة هذه الخاصية ولكم جزيل الشكر والتقدير والاحترام. ..
Positive,برنامج جيد الى كل من يبحث عن تحميل مقاطع وصور ونسخ ولصق ابحث عن النسخه المعدله بمتصفح غوغل og رهيبه احسن من التطبيق الرسمي السخيف هاد
Negative,التحديث افشل تحديث شفته بحياتي انا انزل ياستغرامي صور واول ما ادخل يقول موجز موجز ذبحني وهو يقول موجز ابي اشوف تعليقات صوري مو قادر ارجو اعادة التحديث القديم والله كان احسن شى
Negative,لايفتح الفديوا والصور!!! بعض الفديوات انحذف فيها خاصية الصوت ××× والصور بعد اذا علق ماتتحمل يعلق طول الوقت لين تصكر البرنامج من الرام وترجع تفتحه من جديد .... كنت اشك بسرعة النت وهو بريء
Negative,لا اله الا الله يا اخي كنت في البرنامج وخرج من البرنامج ورجعت ادخل يقول سجل حسابك سجلته يقول ابعث رسالة او حاول مجددا ارجو من المصمم حل المشكلة الرجاء الرد على الايميل
Negative,حرام اعطيه خمس نجوم لانها بتبقى الين يوم القيامة ليه عطيته واحد عشان ما اقدر اشيل النجمة
Negative,مشكلة البلوك بصراحة واجهة مشكلة وهي البلوك .. اذا جيت بعلق على شي قالي بلوك وارسلت ابلاغ وكل شي ولا في فايدة يضل بالايام مبلكني م اقدر اعلق على شي ياريت تحلون ه المشكلة
Negative,اكو مشكلة ما اكدر اعلق ليش بلكت تحلون هاي المشكلة وما اكدر اسوي فلو بس اسوي ينلغي وحدة ارجو حل المشكلة
Negative,ما قدر أعلق علي الصوره اول كان احسن كان فيه نسخ الرابط وكل شي دحين صار معفن ومااقدر أعلق علي اي شي حتي صوري انا منزلها مااقدر اكتب فيها شي يقلي بلوك ومدري ايش كيتبلي كلام كثير هذا من اليوم العصر وكذا عندي اتمني تحلو المشكله
Negative, البرنامج زين بس في شئ ناقص ما ينزل صور وإلى فيديو والتشغيل الفيديو بطئ ارجو الرد
Negative,مشاكله واجد ليش لما اسجل الاكاونت يرفض يكتب هناك خطاء غير معروف والمشكله الثانيه ماقدر اعلق 😞 ارجو ان تصلحو الاخطاء هذي و شكراً
Negative,عندي مشكلة بذات بحساب المشاهير لاجيت اكتب بالكومنت وارسلتها ماتروح ، يجيني كلام بالانقليزي وتحت مكتوب اوكي او ابلاغ عن هذه المشكلة . فهنا انا مااقدر ارسل الرسالة بالكومنت . ارجو اصلاح هذه المشكلة . لاني لست الاولى ولا الاخيرة ممن يعانون من هذه المشگلة .
Negative,صاير موزين لاكدر افتح صوره ولافديوا الانترنيت زين يمي وكول برامج تفتح بس الانستا ليش هيج
Negative,تحديث فاشل يا اخي اريد افهم غير تحديث يصلحون فيه الاخطاء هذا تحديث الي نزل هوا اصلآ كله اخطآ وعيوب وفشل
Negative,اشبكم ليش الانستقرام ما يشتغل انا مان متابعيني 1000 ونحذف ليش الناس كلهم يشتكون منكم الله يسعدكم رجعو بليززززززززززز ارجعوكم ليش حراااام
Negative,مشكله في الصور اذا فتحت حساب احد او دخلت هاشتاق او حتى اللي متابعهم ماتطلع لي الصور يعلق مع ان النت قوي
Negative,فاشل فاشل ما يحمل صور ولا مقاطع الفيديو و بالكوة ازيد متابعين و كلة بالانكليزي كان عندي حساب متابعيني 900 وهسة عدت من الصفر بسبب تهكير حسابي القديم ممكن تساعدوني
Positive,عاشقة الهند واو روعة جدا أنصحكم تنزلوه واللي يقول غير هيك مابيفهم واللي اتهكر حسابو معناتها ان في احد تاني اخذه وماتقدر ترجعه غير الا ازا كنت عبقري متلي😇
Negative,حسابي كان الانستغرام اكثر من روعة ولكن حاليا اواجه مشكلة لا استطيع عمل فولو لاي شخص مع اني حذفت التطبيق وغيرت كلمة السر ولكن لا فائدة .ارجو حل هذه المشكلة
Negative,سئ جدا من افشل التحديثات اذا تصفحت الانتسغرام مايعطين الصور بالترتيب يجيب لي اول شي قبل يومين وبعده قبل ساعاتين والي بعده يجيك قبل يوم حووووسه ماينفع فاشل جدا جدا جدا هالتحديث غير انهم غييروا الايقونه وصار خايس
Negative,الله يلعن برنامجكم المخيس التحديث الأخير مخيس ما يخليني ابحث عن الناس التحديث فاشل بقوه مايبحث الي اسمهم باللغه عربيه
Positive,رووووووووعه رووووووعه
Positive,ممتع تطبيق رائع ممتع مافيه مشاكل
Positive,رائع رائع رائع رائع رائع رائع رائع رائع رائع رائع رائع رائع رائع رائع رائع رائع رائع رائع رائع رائع رائع رائع رائع رائع رائع رائع رائع رائع رائع رائع رائع رائع رائع رائع رائع رائع رائع رائع رائع رائع رائع رائع رائع رائع رائع رائع رائع رائع رائع رائع رائع رائع رائع رائع رائع رائع رائع رائع رائع رائع رائع رائع رائع رائع رائع رائع رائع رائع رائع رائع رائع رائع رائع رائع رائع رائع رائع رائع رائع رائع رائع رائع
Positive,البرناااااامج روعة روعه روعه روعه روعه روعه روعه روعه روعه روعه روعه روعه روعه يستحق5 نجوووووم بجدارة😍😍💕💏
Positive,روعة روعة انصحكم تنزلو هذا البرنامج ولا اروع بس فيه مشكلة بسيطة لما تريد تضيف صور فيه لازم تضيف وحدة وحدة يعني ما يصير مجموعة مع بعض ارجو حل المشكلة
Negative,حرااام اشذا كل ما ابي اعلق نبلكوني خييير ابي اكتب انا اش ذا عشان كذا حطيت نجمه بعدين اصلا ليه تبلكون كيفي كييييفي اعلق ع كييييفي انشاءالله اكتب خرابيط تبلكوني مو منحقكم ما سويت شي غغلللط.... اف منكم انتو وتحديثاتكم الي زي وجهكم استغفر الله بس...كشش 👐
Negative,بعض الاخطاء ١- من اطي شخص بلوك يكدر يشوفني بس ميشوف شنشر وهالشي منريده كون ميشوفني ابد.. ٢-منكدر ننسخ الكلام ولا نحفظ الصور ٣-من تعلق اكثر من ١٠ مرات تنحضر يوم كامل ،،٤-بالخاص متنرسل الصوره كامله .. لو ما ذني جان هو احلا برنامج 💜💜
Positive,جمييييييييييييل جدا يستحق 100 نجمه... بس لو يحط خيار حفظ الصور او المقاطع⚘😚
Positive,اعطاء رائي كنت اكره هذا البرنامج لكن عند استخدامي له احببته بعض الشيء انا عطيت 3 نجمات لــ سبب قلت الحمايه الموجوده لانه سهل الأخــتراق.. وشكرا
Negative,التحديث الجديد فاشل بمعنى الكلمه لا يمكننى مشاهده الفيديوهات ارجو حل المشكلة
Negative,كان ممتاز بعد آخر تحديث صار ما حلو ،،صار ما يظهر الصور والفيديو حسب الوقت مثل اول، يخبصهن يعني شي مال دقيقه بعدين مال ساعه بعدين 5 دقايق بعدين مال 12 ساعه وكذا، ، ما نقدر نتابع صح كذا ،، اتنمـﯽ حل المشكله بأسرع وقت..
Negative,سيئ جدا بعد التحديث اةل شي مايطلع صو وزباله وزفت رح احزفو هل برنامج افشل من الفشل يع منزلتة عالفاضي صور تطلع بيضا عندي والفيديو وهل خلل بعد اخر تحديث زباله
Positive,جميل جدا لماذا ﻻيكون فيه تعديل بالكتابه بعد الارسال احيانا يكون فيه غلط املائي بعد الارسال برنامج ممتاز شكرا
Negative,أصبح لدي الواتساب يشكل مشكلة كبيرة حيث أنني عندما أقوم بارسال مقطع فيديو إلى أحد الأشخاص قمت بتصويره بكاميرا الهاتف فإنه يبدأ بالتحميل ثم يتوقف وتظهر رسالة تقول بأنه لا توجد مساحة كافية على القرص لديك ومن ثم يختفي الفيديو من الاستوديو ولا أستطيع إيجاده فما هو الحل يا ترى !!!؟؟؟
Negative,نبي تحديث منطقي مثلا (خيار تغيير الثيم+الأمجوي يجيب أن تكون متحركة+شكل الدردشة يجب تغييره بسبب أصبح قديما) عاد انتو وبرنامجكم + ماله داعي تحديثاته دام الشكل وثيمات غير متوفرة فيه ومافي شيء متغير فيه الا الأشياء الإفتراضية نجمة وحدة لسبب انه اصبح قديم ولم يتجدد فيه شيء
Positive,شكرا لكم مهما كان من تطوير نرغب بالافضل خدمة الواتساب مازالت هي الأفضل من بين خدمات التواصل الاجتماعيه وشي طبيعي أن يكون هناك مطالبات من قبل المشتركين في التطوير لأن الواتساب عودتهم على الاميز والافضل والأجمل-يستاهل 10 نجوم نخترق التقييم
Negative,تعليق على البرمج الواتساب أوكية لكن نعاني من كثرة الإعلانات الي تكون في البداية مفرح والنهاية نعيش على أمل كاذب وبعدين واتساب بلس أفضل بكثير من هذا البرمج الذي لايتغير مع مرور الزمن يبقى كما هو
Negative,مشكلة في اتصال الواتس لا استطيع استقبال مكالمات الواتس اب او ارسالها رغم انه يصدر رنين واقوم بالضغط على ايقونة الفتح ولكن لا يتم فتح المكالمة .اجريت جميع التحديثات المتاحة للواتس ولا تزال المشكلة قائمة . هل تمنع برامج مثل كلين ماستر او دكتور البطارية اتصال الواتس؟
Positive," البرنامج الاروعه الذي يربط جميع الاهل و الاصدقاﺀ و الاحباب "" وتواصل معاهم بشكل سريع ومستمر الذي مستحيل نتخلا عنه في اي يوم برنامج يستاهل اكثر من خمس نجوم وشكرآ"
Negative,فااااااااشل .. يعلق .. يهنج .. سيء .. بعد التحديثات الاخيره .. البرنامج اصبح يهنج ويعلق وفاشل في ارسال المقاطع انصح الجميع ببرنامج التليقرام افضل بكثير ونحن بانتظار تحسين التطبيق من قبل الشركه .. حتى تااااااااريخه لم يتم اصلاح تاخر ارسال المقاطع والصور .. وسلامتكم
Positive,ممتاز بس لو يضيفون له المترجم للغة حتي يترجم اﻹنجلزية لي عربي والعكس وهذا التطورات في الضفة اللغة الإنجليزية لي العربية
Positive,بحبة كلش لاكن في شغلة ثانية انو اذا اسوي اخر ظهور يعني مثلا الغي الظهور اسوي مخفي ليش الباقين هم ينلغون وياية اريد بس اني لان مثلا احتاج انو اشوف مرات ومال اارسائل ايضا نفس الحالة ارجوا التحديث 👍
Negative,أكره التطبيق.. فاشل جدآ لانه ما تقدر تحافظ على خصوصيتك فيه.. برنامج فاشل لا انصح فيه احد.. اتمنى يتم الغائه نهائيا من على الاندرويد او تجعله برسوم عشان مو كل الأشخاص يستخدموه..
Negative,مشكلة Whatsapp الواتساب كان يشتغل بشكل جيد............................ ثم توقف فجأة ولا اعرف ما هو سبب وقوفه
Negative,صار في مشكله مؤخرا للاندوريد الاتصال الدولي من اتصل بهم يسمعون الصوت وعندي ماتفتح المكالمة ولا اسمع ممكن ترشدونا ماذا نفعل أم هو خطأ في آخر إصدار. .شكرا
Negative,البارحة مو مستاهل لنو اول ما افوت بكتبولي بحط الرقم بكتبو خطا في الأتصال حاول مجددآ انا بكون شابك نت او معي بس مو راضي يفوت الرجاء اصلاح العملية او المساعدة وشكرآ
Negative,حذف الفيديو المصور لما ارسل فيديو قمت بتصوريه بكاميرا هاتفي الخاص بيحمل ويصل ل 75% تقريبا وبعد كده يقول ليس لديك مساحه كافيه ويحذف الفيديو من الاستديو من الاساس وملقيش الفيديو تاني وضيع عليا لحظات كتير كنت مصورها ياريت تلاقوا حد وحد يرد عليا
Negative,المشكلة أنه يتعذر البحث عن صورة في الانترنت. ...أرجو إصلاح المشكلة بسرعة. .وشكراً
Negative,لو سمحتوا الواتساب عندي له كم مره يعطيني يوجد خطأ في تحميل الدردشات ونص الدردشات يروح والان اعطاني يوجد خطأ وكل محتوي الدردشات محذوووف حتى الرسائل المميزه بنجمه محذوفه وكل الصور حتى الجروبات كأنه اضافني لها جديد وكل الدردشات السابقه محذوفه ، ليييشششش هيك افهم كان ممتاز وعين الله عليه ، يعني جد اشي بسطح في اشياء مهمه وذكريات الواحد محتفظ عليها عشان خطأ متل هيك كل اشي ينحذف !! الرجاااااااااااااااااااااء العمل على هذا الامر
Positive,برنامج كتير حلو وافر كتير شغلت وبنفس الوقت البعيد صار قريب يعني ماعادفي اي صعوبه بلا حديث مع حدا
Negative,أواجه مشكلة في الآونة الأخيرة للواتس آب يتم تعطيله عندي لعدة ساعات لا يستقبل الرسائل ولا يرسل من الظهيرة وحتى ساعات المساء ارجو معرفة السبب وحل هذه المشكلة
Negative,الواتس حلو بس في مشكله بسيطه صور العرض في المجموعات ماتطلع للشخص الاالى يرسل صوت نبغاها في الدردشات وشكرا
Negative,ليش الاتصال مش شغال انتو ضفتو خاصيه الاتصال ومفيش اتصال اصلا ليه النصب ده الاتصال مش شغال ليه تضحكو على الناس فى برامج شغاله اتصال احسن من الواتساب ارجو حل الاتصال بالعلم انى بيرن وافتح مفيش صوت
Negative,اصبح سيئ جداااا يحدث عطل فجاه بعد ارسال الفيديو ويخبر بانه تم ايقاف التطبيق حذفته واحاول ان اعيد ادراجه بدون فائده يعطونا انه سيتم ارسال رمز ولا يرسلو شي ارحمونا
Positive,جميل وما احد يستغني عنه .. يعطيكن العافية يريت تزيدو تحديثات واشيا حلوة للوتساب وجديدة ومنها انك تعرف االشخص الي بتكلمه مع مين بيتكلم
Positive,برنامج رائع جدا في كل شيء جميل في حياتنا اليومية التي كانت قد لا تكون جميله من دونه بشكل كامل من خلال الرابط بين الناس في كل مكان
Positive,لا غنا عن الواتس اب الكل لابد ان يعرف هذا برنامج روعه فوء الخيال وكلمتى ثقة فى الله
Negative,سئ جدا جدا جدا الصور لايتحمل سئ جدا ياليت تحدثونه وقت رسايل المحادثة ملخبط وسييييئ جدا والميزات مسح محتوى الدردشة 30 يوم رجعووه
Negative,لا يتصل هناك مشكله ف الاتصال جربت اكتر من مرة مع نت باقة وواى فاى سريع
Positive,ممتاز افضل تطبيق مراسلة عالميا لكن يلزمه بعض التحديثات واضافة بعض الميزات مثل اضافة صورة للغلاف الاتصال الفيديو والتسجيل عبر الايميل ورقم الهاتف معا
Positive,واتس اب التطبيق ممتاز وشكراً لكم، بس ياليت اذا تقدرون انكم تضيفون صور اكثر واجمل للخلفية حقت المحادثة وشكراً
Positive,برنامج جميل بس لو تعملو فيهو خاصية الاتصال عبر الفيديو يكون اجمل واجمد والنجمة الناقصة عبارة عن اتصال الفيديو
Negative,برنامج صار زي الزفت من اول رمضار وهو من الساعه وحده الضهر للاربعه العصر بنفصل البرنامج ما بوصلني ولا مسج ولا بطلع من عندي ولا مسج ازا ضل هاد البرنامج هيك رح استغني عنو
Positive,جميل جدا أتمنى في التحديث القادم إن يكون خصوصية لصورة البروفايل ولا أحد يستطيع أن يحتفظ بها شكراً
Positive,ممتاز برنامج غني عن التعريف وذو شعبيه كبيره وانصح بالتحديث داءما لان الهدف تطوير البرنامج للافضل وخاصة مشكلة اختراقه من الهكر
Negative,الي مش عاجبو ينتحر البرنامج اصبح خربان مثل ادخول ع القروبات وانا معي جوالي اس3 ادخول ع الواتساب يقولي الواتساب لاستيجب ممكن حل او تردو ع بريدي الاكتنورني
Negative,زبالة وكل مره بعلق مش عارف لية اول كا تمام الحين كل دقيقة يقول لي تم ايقاف ومش عارف المشكلة
Negative, هنا في السويد الواتس أب ليس بهذه الجودة الموجودة في باقي البلدان أرجو حل هذه المشكلة ولدي اقتراح لو تجعلون في الإصدار القادم ميزة التشغيل التسلسلي للتسجيلات والمقاطع الصوتية
Negative,عيب عليكم اتضحكون علينا لوعلى ارواحكم تطبيق زباله زباله زباله زباله كول شويه ويكولي التطبيق ﻻيستجيب انتضر اوتقرير او موافق شويه استحو خجلو على ارواحكم الله ﻻينطيكم مو جزعني اريد احجي مااكدر مليت يله لزعلون ماشي ﻻ ازحلكم على الكاشي حبايب كلبي
Positive,رائع جدا برنامج رائع جدا بس انا نفسي يحصل فيها تعديل في البحث عن الأصدقاء والأصدقاء من الأصدقاء اللي عندك وشكرا لكم
Negative,جميل ومالي غنى عنو اتمنى تحطون فيسات عند تسجيل الأسماء مثل أن اسجل اسم واضع جنبه 💕 أو 🎵
Positive,باقي عليه بس مكالمة فيديو بصير اكثر من ممتاز جدا جدا من فترا شفت خبر على جوجل وغير انو راح يصير في مكالمة فيديو لواتس اب
Negative,يعلق احذفو خاصيه الرسائل الجماعية. . الحين اللي يسوي رسائل جماعيه ...مايعرف من هم اللي يرسل لهم ...بس كذا يرسل ...انا حذفت الواتساب لهذا السبب ...ازعاااااج💣
Positive,وات ساب رائع .. لكن زين تضيفو ميزه التسجيل بالفيديو مثل سناب شات ويكون ما يتخزن ف الاستيديو ويكون تحميل تلقائي وايضا يمنع ارساله لا يشخص كان من خلال سستم معين وايضا يكون الفيديو المسجل فقط بالضغط عليه ولا يفتح الشاشه كامله عكس باقي الفيديوها...اتمنى تطبيق هذا الفكره.......والف شكرا
Positive,رايع البرامج ممتاز جداااا اشكر القائمين عليه ولكن مطلب منكم تطوير البرنامج وتعملو له تسجيل خروج ودخول .....
Positive,المشكله انو المكالمات مره مو حلو فيها بس الشات والله رااائع
Negative,أصبح ثقيل ويعلق يعلق عند حفظ نسخة كل يوم ويقفل البرنامج خااألص والذاكرة تمتلك بسرعه لماذا لا نستطيع نقل البرنامج وملفاته للذاكرة الخارجية الأوسع مصممين فااااشلين
Positive,خفيف وسهل بصراحة تمام شغال معايا خفيف اووي ومش بيعلق ومفيهوش اي مشكلة مع الاندرويد بتاعي
Positive,بعد التحديث ممتاز ممتاز جدا اصبح هناك ميزة جديدة وهي تحديد عدة رسائل مرة واحدة لمسحا او اعادة ارسالها وايضا ميزة الغاء التحميل التلقائي بعدة خيارات
Positive,شكرا وتس اب اتقدم بالشكر الجزيل لشركة وتس اب لجهودها الغير عادية التي تبذلها في سبيل توفير كل ما يريدة مستخدم وتس اب . وافضل ميزة جربتها حتى اليوم هي ميزة التشفير صراحة .وشكري مقدم لجميع طاقم وعمال شركة وتس اب بلا استثناء واخص بشكري للمدير التنفيذي لشركة وتس اب الاستاذ مارك .. واتمنى لكم مزيدا من التقدم والنجاح
Positive,البرنامج كلش حلووو رووووعه
Negative, اذا قفلت شاشة الموبايل يعلق الاتصال الا اعمل انهاء المكالمة واتصل مرة ثانية ياريت تلاقون حل لهذه المشكلة اترك نجمة وحدة بعد التعديل احط 5 نجوم
Negative,الرسائل توصل متأخرة أو لا توصل أحيانا ، تسجيل الصوت أو سماع أصوات المراسلين يعلق البرنامج أو يكون الشاشة السوداء تم التبليغ منذ ثمانية أشهر
Negative,بقا زي الزفت البرنامج في التحديث دا بقا زفت خااالص بقاله عشر ساعات بيعمل نسخ احتياطي مش راضي يفتح
Negative,البرنامج بقا زباله لعارف ابعت فديو ولا اغنيه كل متوصل للنهاية تعيد من الاول ومتنبعتش حاجه تنرفز
Positive,من اجمل البرامج جميل جدا الواتس اب 
Negative,البرنامج بقا زباله لعارف ابعت فديو ولا اغنيه كل متوصل للنهاية تعيد من الاول ومتنبعتش حاجه تنرفز
Positive,روووعه حلوووو
Positive,امير يعني لازم تطالعولو تحديث مكالمات الفيديو اهم من كل شي ......
Positive,ولله برنامج جميل جدا جدا عاشت ايده سهام بتطوير هذا البرنامج الجميل شكرا حبابي
Positive,جميل وخفيف وبينفعني ف شغلي كتير اني ارسل من علية مقاطع فديو وتسجيلات وصور
Positive, ممتاز وسريع في ارسال وتلقي الصور والرسائل والفديوهات . لكن مكالمات مش مستقر .
Negative,لم يعد بالامكان عمل مشاركه لاي فيديو او اغنية من اي مكان وارسالها على الواتس ..ولم تكن هذه المشكلة قبلا
Negative,اميره على عرش ابي شنو هاي البرنامج حلو بس مو ساعه يلا ينزل ربع ساعه يلا وصل 2كبر لهشكول
Positive,ممتاز رهيب جدآ
Positive,الواتس روعه اللواتي روعه يجمع الناس بعضهم مع بعض لكي تعرف أخبار واشكر الذي نزل الواتس
Positive,تطبيق ممتاز لان اشهر تطبيق للتواصل الاجتماعي لكن نحتاج تحديث للمكالمات الفيديو والصور المتحركه GIF
Negative,المشكلة انه صار مايرنن الجهاز الا اذا فتحت الواتس اذا كنت مو فاتحنه ماتصلني الرسايل والمكالمات ليش
Negative, عندى مشكلة بالواتس كان ممتاز ولو حصل وفرمت التاب وارجع انزل الواتس كان تصلني رسالة بالكود لكن هذه المرة اكتر من اسبوع ولم يصل الكود وتاتى رسالة يتعذر ارسال الكود لانك حاول التحقق من الرقم حديثا وعليه اكتر من اسبوع وانا عندى مينفعش اتصال لانه رقم شريحة نت وانا نزلت برنامج لاين وتليجرام واتبعت الكود ايه مشكلة الواتس حد يفهمني
Negative,ما بقدر لا احكي مكالمة عادية او فيديو وبالسابق كان بامكاني ولما عملت تحديث للواتس اب وكانهم انلغو من الواتس عندي شو المشكلة بتكون وشو الحل ممكن اعرف او ان الحكومة الاردنية حاظرة علي مكالمات الواتس صوت وصورة ؟!؟!؟!؟!
Positive,ممتاز انتهت مشكلة بطئ ارسل التسجيل الصوتي في التحديث الجديد
Positive,برنامج رائع جدا جدا ممكن تضعون في الواتساب رابط او معرف شخصي لسهولة التواصل
Negative,التحديث ما يستاهل نجمة اذا جيت اسجل مقطع صوت اول ما ابعد اصبعي من على التسجيل ينحذف التحديث اللخير يحتاج تعديل
Positive,ممتاز وجيد وألف شكر على الدعم برامج يفهمه الجميع وسهل على صغير كبير
Positive,برنامج رائع ومميز للتوصل الاجتماعي سهل الاستخدام وبامكانك ارسال اي شيء صور فديو مشكووورين
Negative,تطبيق يستاهل ربع نجمه بعد التحديث صار ما ينزل فيديوهات وصور يقول تم ايقاف الواتساب رجعو التحديث القديم
Negative,مو حلووو ولمن ارسل فيديو يوقف ما يرتسل وما عاد ينفتح حتى من الاستيديو اتمنى تصليحه المشكه واوقات يتوقف واطر احذفه واحمل
Negative,ياااا شباااااااب اني لماا ادخل رقمي في الواااااتس واسوي ارسال الرساله مجددا عشان يرسلون الكود ما يرتسل ابدا ولا يستقبل اي مكالمه او اي رساااله اني بدي حل هذا المشكله واليووم دخلت الرقم وسويت ارسال رساله قالي تعذر ارسال الرساله ومدري شو ليش يااا ريت حداا يحل المشكله وفي مشكله ثانيه لماا اتصل برقمي يقول مغلق او خارج عن نطاق التغطيه بس حد يحل مشكلتي يااا جماااعه الي يحبني بيحل المشكله ترى اني اشتقت للواتس اب حقي مررره مرررررررررره كثير اكثر من كل شي بس الوااتس مهم جدا افضله عن كل البرامج باكملها صراحتن
Negative,التحديث سيء جداً التحديث لا يستحق الا نجمتين لانه يوقف تسجيلي وارجو اصلاحه وتغير الشكل بالكامل اصبح قديماً
Negative,تحديث الأخير فيه مشكلة كبيرة انه لا يقوم بإرسال مقطع فيديو إطلاقا ارجوا من المختصين حل مشكلة إرسال مقاطع الفيديو
Positive,حلو كتير بس لو فيه لغة كردية. نرجوا منهم اضافة الغة الكردية
Negative,نريد تحديث افضل هذاء البرنامج لم يتغير نريد تحديث غير متوقع
Positive,الأصلي لا يعلى عليه إلى الآن هو الافضل والاميز والاروع التطوير واجب عليكم تشغيل رقمين والسماح بتغيير اللون حتى ما نمل
Positive,برامج طيب جميل جدا.... بس ياريت خدمة الصوت والصوره مع المتحدث
Positive,روووووووووووعة واجمل ما في هذا الاصدار انه يحمي الخصوصية ويؤمن حمايتها انصح الكل بتنزيلة
Positive,جميييييل روووووعة اشكر الشركة المصممة ل What's app
Negative,انحدر التطبيق ترتيب الرسائل غير صحيح وهذا شيء سيء جدا جدا جدا ... ضبطوا التطبيق قبل نسحب عليكم ونروح تليجرام telegram
Positive,مرسين جميل وأكثر من رائع بس لو فيه مكالمات فديو كان ولا اروع
Positive,احلى تطبيق البرنامج دة روعة روهة بجد بقول لمطورين البرنامج دة Thank you
Negative,سيء جدا جدا لا أستطيع أن أرسل اي رسالة سيء جدا جدا جدا جدا لا أستطيع أن أرسل اي رسالة لأنه يتوقف فور تشغيله الرجاء جدوا الحل بسرعة
Negative,سئ . انا كل م اشغل مقطع صوتى الشاشه يكون لونها اسود والصوت يقل ؟×
Positive,أعجبني كتير يسلم ايد يلى عملوا شكرا كتير الكم بيستحك اكتر من خمس نجوم
Negative,التحديث الاخير التحديث الاخير صار البرنامج يفصل لفترات و سالتواكثر من مستخدم حكولي نفس الكلام
Negative,تحديث فاشل الرجاء حل مشكلة التوقف المتكرر وفشل البرنامج في تشغيل الصوت
Negative,في مشكلة كتييير بشعة أنو تسجيلات الصوت كتير ضعيفة عم تطلع بعد اخر تحديث
Negative,مشكلة التحميل لماذا عند فتح كامرة الواتسب يتم غلق البرنامج مباشرة وتظهر رساله تم ايقاف الواتسب
Positive,واتساب من أروع وأجمل التطبيقات أشكر كل القائمين على نجاحه وامتيازه
Positive,حلو كتير ممتاز جدآ منشان ماحدا يكزب علي
Positive,مرررررة حلو
Positive,مشعل الرويلي وووااأويجنن ماششفت زيه حلووو مره
Positive,5 نجوم البرنامج ممتاز
Positive,ممتأز برنامج ممتاز وابصم لك ع العشره
Positive,ممتاز وسهل وروعه في السرعه ًالصور جميله
Positive,واتس اب من اجمل ااوسأل ﻻدردشه ولمراسله
Positive, كتير حلو وممتاز والتطور كتير حلو مبروك النا هاد التطور شكرا للعاملين على هاد التطور الى الامام دائما
Positive,ممتاز الي يقول انو ماوحلو هو الي مو حلو
Negative,البرنامج جميل ومفيد
Negative,التحديث الجديد سئ جدا سئ من ناحيه التصميم و الروابط المستلمه من الجهة الاخرى بحيث ماتقدر تفتحها قبل تخزن رقم هاتف الجهة الاخرى والرسائل الجماعيه لاتصلك من شخص لم تخزن رقم هاتفه بحيث تعتبر شركة واتساب رساله عشوائيه ولن تصلك ابدا قبل ان تخزن رقم هاتف الشخص
Positive,برنامج فعال برنامج جامد عن تجربه
Positive,ممتاز فوق الخيال
Positive,برنامج روووعه...تواصل سريع
Positive,واو اكتر من رائع
Positive,مشكور هايللللللللللللل جداااااااااااااااااااااااااااااا .
Positive,حلو يسلموو
Positive,ممتاز10000 ممتاز
Positive,ههههههههههههه الي يلقي نجمه ماعنده ذوق
Positive,نايس خمس نجوم
Positive,جميل برنامج يستاهل 5 نجوم
Positive,رااااءيععععععععععععععععع يستاهل 1000نجمه 
Positive,اخر تحديث للواتس.. صار شكلو مرتب وروووعه عجبني كثير كثير.. افضل برنامج للتواصل ..
Positive,احبكم على البرنامج هذت ممتاز جدااا الله يوفقكم ويخليكم اميين
Positive,ولاء ممتاز وكمان حلووووووووووو واتمنه. يطور
Positive,اشكركم على البرنامج الجميل
Positive,جد بيجنن
Positive,ممتااااز لابعد الحدوود وحلوووو جدا اعتقد مافي برنامج يضاهييه ويستاهل 500 مليون نجمه مو 5
Positive,جميل برنامج ممتاز وحبيتو
Positive,برنامج رائع وسهل الإستخدام ويغنى عن إستخدام اى برامج اخرى
Positive,فله يستاهل خمس نجوم
Positive,بيسؤؤ افضضضضضضل برنامج للمحادثه لجميع الانظظمه رائع وياليييت بس تحدثووونه ويصير نحط صور واللسته تشوفه ووبعد ابي اعرف عدد اللي عندهم الواتس بنوكيا يطلع واندرويد لا لييييش وشكرآ
Positive,غني عن التعريف.
Positive,وااااي يجنن مره روعه
Positive,منتاز يستحق الامتياز
Positive,ممتع مافي احل برنامج مثله
Positive,والله روعه ممتاز للغايه
Positive,حلو......لحسب.الستخدام....للعائله....فقط...روعه
Positive,كتير حلو وخصوصا انو ارتحنا من اخر ظهور ومراقبة البعض وفيو ميزات جديده لكن ملحوظه ان يلي يفتح الصوره الشخصيه يقدر يعملها حفظ وممكن تكون صور لبناتنا ياريت بس ماحدا يقدر يسرق الصورة الشخصيه للبرنامج
Positive,رووووووووووووووووووووووووووعه افضل برنامج شفته
Positive,ممتاز ومن البرامج المفيده ممتاز انصح بتحميله واعتبره من البرامج المفيده لذلك قيمته واعطيته خمس نجمات
Negative,مشكله وابي الحل ؟! انا عندي مشكلة مع بعض الاشخاص المضافين عندي اذا فتحت سناباتهم الفيديو تظهر لي بشكل كويس اما الصور اللي يحطونها ستوري ماتطلع تجي شاشه سوداء ولا اشوف شي
Negative,يالليل على السناب الفديو يطلع صغير وش سالفته ولا بس هذا على الجلاكسي ؟ والله طلع بايخ .. شكل شركة سناب يبون يكرهوننا بالجلاكسي 😈 على كلن ضيفوني على السناب حياكم الله salem15544
Negative,السلام عليكم ورحمة الله وبركاته ليش يقول لي هناك مشكلة عند الاتصال بالخادم حول مره ثانيه ليش يقول كذا أريد حل لي المشكله بأسرع وقت
Negative,عدلوا اقسم بالله التحديث مخيييس وزفت ليه كذا؟؟ اولا يطلعون القنوات وفيها وساخة و تزبل وضجة وكذا و بعدين نص حق السناب مايظهر لي وصار يعلق وكلش محق محق
Negative,تحديث البرامج وضع للتحسين الا بالسناب كل تحديث اسواء من التحديث اللي قبله .. يعني انا مدري ليش .. فيه فرق بين سناب الايفون والاجلكسي ما قلنا شي .. بس ان سناب الاجلكسي يصير بالسوء ذا مشكله والله ... ننتظر التحديث الجديد يمكن يطور شوي رغم اني غاسل يدي
Negative,التحديث الأخير سيء التحديث الأخير سيء للغاية ... صار يعلق معي بعد التحديث اتبعت بعض النصائح بدون فايدة ... الاصدار السابق أفضل بكثييير
Negative,Snap اتمنى توقفون التحديثات للبرنامج لان كل تحديث جديد يصبح أسوأ وأسوأ و حتى بعد التحديث الأخير صرنا ماعاد نقدر نشوف مقاطع الفيديو كويس يعني تصير نص الشاشة سودا ! خلااااص لاعاد تجيبون تحديث جديد كرهتونا السناب
Negative,ززقق لانجد فلانه زقاقه خلاص زقت معي اذا بضيف يعيي اسف لانجد****خييييير بس هي الي عيا يضيفها كلهم ينضافون ماعدا هي خييير وحطيت نجمه عشان اكتب ولا موقصدي شوي شوي البرنامج يصير💩💩
Negative,يامطورين ياعالم وش وضعكم انتم شوفوا لنا حل مع السناب معقوله الى الان مشاكل ، وصلت ان الفيديو يطلع صغير ،
Negative,سسااعدوني يااناس وش الخل السناب له 3 ايام ماايفح معي مقفل ولا اقدر افتتتح جديد جميع الطرق سويتها ولا فيه فايده للعلم اني مااااماضف اي شي من الجزه الثالث مثل مايسمونه
Negative,تحديث سيء التحديث خاييييس المقاطع تطلع صغييرة نصيحه لا أحد يحدث التحديث سيء جدااااا
Negative,البرنامج ده وحش جدن ومش بيفتح معايه وارجو تشفوله حل انصحكم متنزلهوش لانه مشبيفتح معايه ووحشششش جدا
Negative,مشكلة السنابات أغلبها تطلع نص الشاشة والمشكله ذي عند الكل ولا بس انا ولا بس في الجلكسي؟ ومشكلة إعادة السنابات مثلا لو خلصت سنابات كثير وقفلت لما ارجع القاهم عادوها 😷😷😷💔
Negative,حتى بعد التحديث الفلاتر مثل فلتر الكلب ما اقدر اجيبهماتمنى انكك تعدلون مشكلتي انه لما اضغط وقت طويل على الشاشة ما تطلعلي الفلاتر مثل فلتر الكلب وكذا ما يطلعلي جوتلي جلكسي اس2 اتمنى انكم تعدلون والله لاحط 5 نجوم
Negative,السنااب كل مالو يسير مرا سيء كل ما اصور فيديو يسجل وبالاخير يسير صوره كل الي اتسجل راح واخد اول صوره ليه كده والخاص لمن ارد ع احد اوقات يعلق مايرسل وجوالي جديد لسه ماشاء الله يعني من البرنامج لانو كل البرامج عندي تمام
Negative,مشكلة مزعجة شباااب المشاكل زادت وصارت الفيديوهات تصغر المهم الكل يقيمه نجمه وحده خلونا نخليهم يحسوون
Negative,الحين انا جوالي تاب ثري لما اسوي اشتراك واسوي كل حاجه يقول هناك مشكله في الاتصال بالخادم ياجماعه شوفولي حل؟؟
Negative,",يعني ايه يا ولاد الوسخه لا يوجد اتصال بالخادم كل أم كلمات السر خير متاحه ليييييييه يا ولا د النسخه"
Negative,اصور فيديو ويطلع بدون صوت يا مطورين الفيديو اصور اكثر المرات ويطلع بدون صوت لازم اعيد التصوير مرتين وثلاث لين يضبط معي شوفوا لكم حل مع ها المشكله
Negative,يشباب انا لمئ ادخل علئ سنابات يجيني شغال الئ اخر ااسناب وفااخر تجيني الشاشة سوداء اجو الحلل
Negative,عندي مشكله اسناب عندي يوم ابي أفعله يطلع لي. ت س ج ي ل أ ل د خ و ل بلله ابغاكم تحلونها بلله ولا اشتكي على سناب
Negative,مشاكل الفيديو مشكلة الفيديو بالتحديث الجديد الفيديو يشتغل بنص الشاشه بس اتنمى المشكلة تنحل باسرع وقت في الجلكسي.
Negative,سيء جدا غيروا شكل الايقونات القصص الاجنيه خلوها مثل قبل ماتبين الحين ماتصلح للاطفال وجع كلها وصخه 👎👎👎👎👎
Negative,عن السناب طفشني 😠😠😠 كل ما احط حساب يقول الخادم الخادم 😣😣😣😣😣شوفو حل
Negative,سئ جدا ليش مقطع الفيديو تجي مسحوبه ونصف الشاشه وممدوده انا عندي جوال جالكسي اس 7 ايدج هل الخلل من الجوال ولا من السناب
Negative,لي اكثر من شهر ما لا دخلت السناب يقوا اضافة اصدقا و اذا اضفت يقول يتعذر ليش قسم بالله يقهر
Negative,اي تحسين والله كلام فاضي البرنامج كان شغال تمام بعدين تطلع لي السنابات صغيرة حطيت نجمة اذا تعدل الوضع برجعها 5
Negative,توجد مشكلة في الفيسات لما احط فيوس بعضها يختفي ويش السالفة ارجو حل المشكلة با اقرب وقت ممكن
Negative,زي العمى شو هاد التأثيرات ما تزبط معئ ممكن. اعرف شو السبب . بتمنى حد يرد على مشكلتي . و شكرا باسل رديت على مشكلتو بس علئ مڜگلتئ لاء . طيب ليش هيك حظي
Negative,سناب شات كتير بيغلب وعند كلمة السر بيضل يعطي انقطع الاتصال باالخادم حاول مره اخرى الي شي 4ساعات بحاول
Negative,كذابين حاط رقمي ويقولون هذا موجود سابقا وانا تو محطيته
Negative,لا زال فيه مشكلة بالسناب خاصه بالتحديث الجديد سنابه كبيره وسنابه صغيرة .
Negative,.. سيء سيء سيء اخر تحديث لأبعد درجة .. وانصح اللي ما تحدث عندهم لا يحدثوه .. اتابع سنابات وكن اللي يصور جواله طاح بالماي ومطلعه ويجرب التصوير .. اتمنى تنحل المشكلة باقرب وقت
Negative,التحديثاات مرا خربت السناب حتى صار يعلق مرا مو مظبوط اتمنى تعالجو هالمشكله..😣
Negative,الجوف في مشكله باتحديث بعد ماخلص متابعه تنعاد لي مره ثانيه ارجو حل المشكله
Negative,التحديث الاخير فاشل بقوه التحديث الاخير المقاطع صارت زوم قريب مو طبيعيه ليتنا ع الاول افضل
Negative,القصص تنحذف دائماولا ترجع الا بتسجيل دخول من جديد بشكل يومي لماذا
Negative,عم يكتبلي هناك مشكلة عند الاتصال بالخادم ارجو ان تحلوو هذه المشكلة
Positive,روعه بس رجاءاً مانبي اعلانات مرا ازعاج وكمان فلترات مايجيني وانا فاتحه الموقع. اتمنى تعدلوا ويستاهل خمس نجوم. وليش مايصير فيديو خلفي 💔😭جوالي تاب4 اتمنى يصير فيديو خلفي محتاجه والله اصور.😢ولكم الشكر
Negative,سود الله وجيهكم سناب فاشل فاشل في الاندرويد 😠
Negative,سناب شات خااااااااااايس حتى الفيديو صغير وفي وسط الشاشه 😢
Negative,ايش صارله هذا برنامج ماتشتغل عندي خلاص ماراح تشتغل يعني؟؟؟؟؟؟
Positive,رائع انا نن يوم كان عمري 8 سنوات الى 20 سنه رائع البرنامج
Positive,هيمووو جميل وروعه ماشفت احلى من ذا البرنامج
Positive,ممتاز جدااااااااا ماشاءلله كويس البرنامج مرررررررررررره
Negative,احظروا الحسابات الإباحية يا إدارة تويتر ليه التقاعس والتطنيش في البلاغات عن الحسابات الإباحية المنتشرة بگثرة في تطبيقگم !؟ إخواني وأخواتي إحذروا السيئات الجارية مثل الصور والمقاطع والروابط الموحلة ، إن لم تگونوا مفاتيح للخير فلا تگونوا مفاتيح للشر ، والأمر الآخر لإدارة تويتر لماذا أصبح التحديث سيء جداً ( تعليق وإغلاق بالقوه )
Negative,برنامج ماعرف اشلونة جنت اظن زين بس طلع ﻻ ماكو بية خيارات مثﻻ اريد اسجل بية بدون رقم هاتف ماكو يحبرني اظيف رقم وباﻻخير يكلي رقم هاتفك غير صحيح والله حيل ظجت منة ارجو اصﻻح هذه المشكلة باقرب وقت ممكن
Negative,برنامج أبو كلب بس بيعلق كل ماتخش تبغى تفتح صورة او تروح على حساب واحد من عن طريق ضغط الصورة يعلق أتمنى حل المشكلة والي ماحدث التطبيق لايحدثوا ينتظر تحديث جديد
Negative,التحديث الاخير سيء التحديث ألاخير سيء جدا فيه تعليق واحيانا لايستجيب البرنامج ابدا والايمكنني الدخول عليه ابدا ما المشكلة ياتويتر😔؟
Positive,برنامج راقي بس المشكله مساحة الاسطر وحجم الفديو اني احبه لان بي خنازير سعودين ههههه يستاهل 5 نجوم
Negative,بعد التحديث الاخير صار التويتر زفت مرررره👎👎 حتى لما ابغا ارسل التغريدة ع الخاص ماقدر ..ويقولي الرجاء ابحث عن متابعين جدد يمكنك مراسلتهم عالخاص ويطلع لي بس مشاركه ع برامج ثانيه فقط اما الخاص لا .. ارجو انكم تحلون هذي المشكله
Negative,معفن ي أولاد الكلب كل مرره يخييس تحديثكم يا كلاب تبغو تكرهونا في برنامجكم تكلمو ي سفله ردو الله ياخذ عقلكم من يومه وهوا يعلق ويوقف فجأه تفوووو على اللي سواه
Negative,وش الي اتغير ؟؟؟؟؟؟؟؟؟؟؟؟؟؟؟؟؟؟؟ ما صلحتو مشكلة التعليق و لا صلحتو شي على اي اساس تحدثونه صلحو التعليق بعدين نتفاهم وع ترا الله ياخذكم ، نعم حتا الصور ماتنزل زين يعني الا تبونه نكره التويتر ليش كذا تسوون الله ياخذكم
Negative,لايمكن لي ان اجد التغريدات ولا المتابعين الجدد نرجو حل المشكله سريع
Negative,بطيء التحديثات الجديدة بطيئة جدا حتى لو الانترنت سريع عندك ما يفتح التاقات بسرعة
Negative,خر تحديث من سيئ إلى أسوأ، دائماً تعليق وبشكل متكرر وفي كل خمس دقائق تقريباً يتوقف فجأة، ،والله كرهتونا في تويتر،،اذا التحديث سيئ عن قبل لماذا التحديث،،الرجاء النظر في الأمر وإصلاح الخلل
Negative,كل تحديث أسوأ من قبله عندكم مشكله في الصور اول كانت ماتتقرب والان تقرب بس تعلق لا تقدر ترجعها ثاني ولا تقدر تزيد في التقريب 😒👎
Positive,جميل ويحتاج زيادة الاحرف
Negative,سيء التحديث الأخير مو كويس سيء جداً
Negative,بصراحة لقد اصبح توتر لايطاق مع هده الثحدتث الاخيرة مع كامل الاسف ارجو منكم حل مشكلة التعليق المستمر 😖😖
Negative,التحديث الأخير سيء في اللغة العربية بيعرض التويتة العربي غير متناسقة التحديث الأخير سيء في اللغة العربية بيعرض التويتة العربي غير متناسقة اللغة عربية غير متناسقة
Negative,اسؤا من أول بالف مره والله مايستاهل نص نجمه ليه التحديث الخايس ذا
Negative,مشكله التحديث الاخير زي الزفت يعلق البرنامج وما يفتح ليه تحدثو مدام للاسوء
Negative,زفتتت يعلق لعقكم كلب أجرب
Negative,عدلو التحديث 😠 التحديث الأخير يرفع الضغط كل شوية يخرجك والتطبيق لا يستجيب شوفولكم حل يخليه يستجيب
Negative,للآسف التحديث الاخير كثير التعليق وولازم تخرج من البرنامج اصبح كريهة البرنامج
Negative,بطيئ جداً ضعيف ويتوقف دائماً اذا لم يتم اصلاحه فسيتم حذفه
Negative,يعلق كثيييييييير اذا قعد فيه لوقت طويل شوي يعلق ويكتب تم ايقاف البرنامج
Positive,ممتاز ومتطور للافضل والدليل عدد المشتركين المتزايد وسهل الفهم والاستخدام
Positive,برنامج اجتماعي وتواصل ناجح والشكر الجزيل لطاقم البرنامج
Negative,التحديث الجديد سيييييييييييء ما عد صرت استخدم البرنامج بسبب سوء التحديث الاخير
Negative,ﻷن البرنامج يوقف (يعلق) بشكل مستمر وبذلك فقد رونقه وجماله أرجوا إصﻻح الخلل .
Negative,؟ عندي مشكله الاضافات مقدر اقبلها او ارفضها بالرغم من اني مسوي اخر تحديث وباقي نفس المشكله
Negative, التحديث الأخير سيء جدا جدا جدا جدا الدي إم سئ والبرنامج يعلق !
Negative,التويتر سيء لماذا عندما أحدث الغلاف يحدث تم ايقاف التويتر ؟ ارجوا الرد سريعا لقد مللت هذا البرنامج 😤
Negative,ياكثر ماتحدثون علی كثر ماتحدثون هالبرنامج كل تحديث اسوا من التحديث اللي قبلة !!!!!!!!!!؟
Positive,ممتازخاصة بعد التحديث الأخير شكرا للقائمين على هذا البرنامج
Negative,إذا جيت تبي تشوف حساب شخص ماتطلع آخر تغريداته ... فاااشل
Negative,كل تحديث اخرا من تحديث كل زفت انت وصاحب البرنامج زفت بلمره
Negative,برنامج جنه زربه اليحمله اكيد يطلع مطي 😂😂😂😂😂
Positive,اصبح الان ممتاز عند ارسال الى شخص و تحديد الكلمات ونسخ ولصق
Negative,لايستحق التقويم ولذلك أخس تطبيق بعد التحديث صار زفتتتت اخس تطبيق معففففن مثلكم😒😳
Positive,ممتاز اصبح ممتاز بعد سهولة النسخ الات
Negative,سسسسسسيئ جدا جدا جدا نزعتوه صلحوه ماطلعت الصور اللي مرسلة لي عل الخاص واليوميات ماتحملت الصور فيها نزعتوووووه
Positive,التطبيق جدن رائع أحب التويتر
Negative,التحديث الجديد سيئ اذا فضلت تغريده ما تطلع لك بالمفضله
Positive,أحب ذلك بصراحة برنامج رائع جدا جدا جدا جدا جدا جدا رؤؤؤؤؤؤؤؤؤؤؤؤعة رؤؤؤؤؤؤؤؤؤؤؤؤعة
Positive,روعة روعة روعة روعة روعة روعة روعة روعة روعة روعة روعة روعة روعة روعة روعة روعة روعة روعة روعة روع
Positive,يس حلو
Positive,تويتر ممتاز جدا وافضل برنامج تواصل
Positive,تويتر من اروع برامج الاتصال الاجتماعي
Positive,حلوووووو عجب مررههه 
Positive, برنامج أكثر من رائع،،،استخدموه فيما يرضي الله،،ولا تجعلوا الله أهون الناظرين إليكم.
Positive,كويس مره اكوس شي
Positive,ممتاز لا تعليق ..الحكي واقف
Positive, البرنامج ممتاااااز ارجو انكم تحملونه
Positive, من اجمل التطبيقات الاجتماعيه ولو فيه اكثر من 5نجوم عطيته
Positive,حلو رائع يمكنك متابعت اصدقائك
Positive,رائع بلا واكتر من رائع
Positive,جيد جدا مرتبة الشرف
Positive,سمعه ممتاز عاد اللي يفهمها يفهمها
Positive,وووووووووووووووه عليه
Positive,ممتاز ممتاز جدا وسريع
Positive,من اجمل واهم البرامج
Positive,حلو برنامج تواصل جميل اذا استخدمته بشكل راقي وذوق بعيد عن الاستخدام السلبي والمتدني أسال الله الهدايه للجميع ..
Positive,ممتاز حلو مره ما عندي فيه اي مشكله
Positive,تويتر دائما متألق وسيلة تواصل اجتماعى ممتاز . خمس نجوم
Positive,جميل جدا جدا جدا جدا جدا جدا جدا جدا جدا جدا جدا
Positive,نبض يزودنا بالاخبار وهو اكثر من ممتاز ونتمنى الافضل والاستمرار والتوفيق
Positive,حلو اكثر من رائع
Positive,جميل جدا البرنامج رائع جدا انصحكم بتحميله
Positive," التحديث الجديد رهيب جداً جداً , تطور ملحوظ و الواجهة صارت مره حلوة ,, و اللي يقولون بايخ و و و وجهك البايخ 😁😁"
Positive,رائع جدا روووووووععععععععععة اتمتع مع توبتر
Positive, جميل جدآ افضل من البقية التواصل
Positive,شيء خيال روعه
Positive,جميل جدا فوق الممتاز ولا يحتاج إلي شبكه قويه ولا اي شئ ممتاز
Positive,برنامج رائع اتمنى يستمر بهذه الكفاءه
Positive,ممتاز جدا ..واستخدامه سهل
Positive,افضل من لاين افضل واسرع واوضح الى الامام 👍
Positive,مشاء الله برنامج روعه
Positive,يام يستاهل 999999999999999نجمه
Positive, برنامج جاااااااااااااااااااااامد
Positive,أفضل برنامج إتصال فيديو موجود في السوشل ميديا
Positive,برنامج رائع جدا جدا صوت وصورة جودة عالية احسنتم ولوفيه اكتر بعطيكم ١٠٠ نجمه
Positive,ممتاز جدا جدا ولكن الفيديو ينقصه بعض الدقه ولكن كصوت رائع رائع رائع وفى المجمل جيد جدا
Positive,برنامج تمام ممتاز جدا جدا جدا جدا واللهي انا ممكن بقالي 2 شهر مش عارف اكلم حد والحمد لله لما حملت برنامج تانجو ميه ميه
Positive,برنامج اتصال أكثر من رائع صوت و صورة... لكن احيانا يقطع الصوت ....الرجاء التغلب على هذه المشكلة...
Positive,بكل سراحة انا اعتبر مطور هلبرنامج افضل مطور لبرامج الاندرويد مبدع بكل ما تعنيه الكلمة برنامج خفيف على المعالج مع متطلباته كثيرة كاميرا صوت انميشن تكست وووو الخ مبددددددع ويستحق افضل مطور برامج بكل جدارة
Positive,برنامج ممتاز ممتاز ممتازحتي لوالشبكة ضعيفة ماشاءالله بيتكلم عادي جدابس الفيديوبيبقي صورته مش واضحةقوي في حالة ضعف الشبكة
Positive, ممتاز وجيد جدا وروعه وكل حاجه حلوه فيه ماشاءالله الله يبارك فيكم ويذيدكم والله ممتاز وروعه
Positive,تطبيق ممتاز مراسلات ومكالمات مجانيه ووضوح الصوت والصوره صراحه شيء طيب وخدمه طيبه يشكرون عليها
Negative,ممتاز مكالمات الفيديو جودة الصوره سيئه واجهة البرنامج الداخليه سيئه اعلانات وزفت علي راسكم
Positive, تسلم الايادي وجزاكم الله خيرا ربنا يرزقنا خيره ويكفينا شره ماشاء الله برنامج جميل جدا
Positive,برنامج ممتاز بالفعل البرنامج يلبي كل إحتياجات اﻹتصال سواء الصوت أو الفيديو وبجودة عالية حتى مع التحديث الجديد واجهته افضل واسرع لﻹتصال مع وضوح درجة الصوت ونقاؤه .
Negative,كان جيد جدا لكنه اصبح فاشلا بسبب الاعلانات والنشر وتعليقات و و و .. خليكم اتصالات وبس مثل فايبر ولاين وايمو وغيرهم وبالمناسبة صار ولا واحد يجيب طاري البرنامج من الاخير صار منسي إقرأ فوق ☝
Positive,برنامج رائع الصوت واضح وجميل ويستحق 5 نجوم وشكرا للقائمين عليه
Positive,متاز تانكوا وصل الاحباب بعضهم في بعض وخصوصا الوالدة في أولادها جزى الله القائمين على هذا البرنامج خير الجزاء
Positive,نجع حمادى . قنا . مكلماته تحفه وجمييييل جدا للتواصل وكل شئ بس الرسايل ضعيفة وبطيئة شوية .انما كبرنامج فهو جميييييييل جدا
Positive,برنامج مناسب في الاوقات الصعبه عامة البرامج بحالات مره حلوه ومره عاوزه شوية سكر
Positive,برنامج ممتاز يارب لا أحد يستعمله إلا في طاعة الله اللهم نسألك من خيرة وخيرما هو له ونعوذبك من شره وشر ما هو له
Positive,برنامج رائع جدا صورة وصوت بكامل الوضوح كل الشكر والتقدير وكل سنة وانتم طيبين
Positive,برنامج رائع ومميز جدا في المكالمات الصوتية والمرئية شكرآ لمن قاموا عليه
Positive,جدا جدا ممتاز انصح بتحميله لا يوجد به اي مشكله
Positive,هد البرنامج مرره روعه اناحبيتو من قلبي واقولكم نزيلوه:مع السلامه.
Positive,البرنامج في روعه الروعه وخصوصا الاعاب التي تنزلها الشركة😁😁
Positive,جميل جدا ولكن لو يظهر به بيان بتاريخ وساعه اخر اتصالنا به مثل الوتساب يكون افضل
Positive,في الحقيقة برنامج ممتاز جدآ صوت وصورة أتمنى لكم التوفيق والاستمرار من حسن إلى احسن
Positive,والله برنامج كتيررررررر روعه احلا برنامج محادثات كتيررررررر خفيف وجميل رووووعه
Positive,للامانه البرنامج قوووووووووووي ويستاهل كل النجوووووووووووووووم
Positive,تقييم تانجو برنامج روعه ويعمل بلا تقطيع شكرا للقائمين عليه
Positive,برنامج ممتاز جدا و كلما كان الاتصال قوي كلما كانت الرؤية اوضح
Positive,التانغو أكثر من رائع. .مكالمات ودردشة. .وضوح صوت وصوره
Positive,اقدر لكم مجهودكم برنامج ولا اروع من غير المعقول ان يكون هناك فرق ساعة واحدة
Positive,رؤؤؤؤؤعه البرنامج وافضل من كل برامج مكالمات الفيديو يستحق التنكو خمس نجوم جميل جدا
Positive,جميل كويس مابه شي زي مكالمات التلفيون العايدي يستاهل 10 نجوم
Positive,برنامج خطير ممتاز ووضوح الصوت فيه عالي جدا
Positive,جميل جدا ومتميز جزاكم الله خيرا كثيراً وكل عام وانتم بخير
Positive,حقا برنامج جميل جدا 
Positive,اتصال هاتفي مباشر ممتاز .. جيد .. صورة رايقة
Positive,برنامج قمة الروعه اتصال بوضوح بدون انقطاع جزاكم الله خير
Positive,ممتع جدا رائع جدا وخاصة بعد التحديث الاخير وتحية لشركة تانجو
Positive,جميييل جدا وخاصه الفيسات مررررره روعه
Positive,برنامج جدا رائع..أتمنى لكم مزيدا من التقدم والنجاح.
Positive,السلام عليكم التانقووو برنامج لطيف وحلو ومنتاز فيه كل المزايا
Positive,جزاكم الله خير القائمين علي هذا البرنامج برنامج جميل جدا.
Positive,من أسهل وامتع البرامج ممتاز ويعمل بسهولة جدا رووووعة
Positive,برنامج ممتاز بس الاستمراريه علي هذا المستوي
Positive,الله يبارك فيك ممتاز جدا جدا. ارجو من تحسين الخدمه اكثر من كده
Positive,برنامج رائع رائع لو فيه اكتر من خمس نجوم أعطيه مليون نجمه
Positive,برناااامج ولا اروع احلا برنامج اتصال شكرا لكل القائمين عليه
Positive,تطبيق جميل جدا واتمنى ان يستمر هكذا مع الشكر
Positive,برنامج جيد رجاء ألا تقل جودته بل يتطور أكثر
Positive,اتصال بدون تقطيع اجريت اتصال اكثر من مرة وتم الاتصال بدون تقطيع.
Positive,يا سلام صوت وصوره واضح جدا وقلل الصرف على المتصل
Positive,برنمج جميل الهي رمضان كريم والعيد احل مع تنجو
Positive,رائع...صوت وصوره بوضوح تام.
Positive,استخدامه يسهل علي التواصل مع الأصدقاء والأهل عندما أكون بعيدة عنهم
Positive,البرنامج ممتاز والله للأن وبالتوفيق لكل القائمين عليه
Positive,ينبع الصناعية جيد جدا وتم تفعيل عمله مع اي سماعة بلوتوث
Positive,اكثر من رائع يستاهل 50 نجمة وليس 5نجوم فقط.
Positive,رائع اجمل برنامج من ثلاث سنوات معى
Positive, برنامج ممتاز واحسن حاجه انه نزل سوق بلاى
Positive,فضل تطبيق في الحيااااااااااه الي يبي ينبسط يحمله
Positive,صوت رائع برنامج صوته واضح جدا اتواصل به مع أهلي دوليا
Positive,جيد جدا في حال النت متواصل ومستمر وقوه الاشاره ممتازه
Negative,بدون كود سيئ لني ي واحد يقدر يفوت على صفحتك
Negative,مو حلو والله يا كله فساد واحد يغازل والله لتكملة أنصحكم
Negative,زي الزفت لا انصح بتحميله
Positive,رقاويه وفتخر وال مو عاجبو ينتحر ويكتب عقبرو منقهر كتيييير حلو البرنامج هاذ بس بي مشكلاه مي يرسل فيدوهات ياريت تنحل هل مشكلاه واكون ممنونه ....♡♡♡♡
Negative,عندي طلب من الشركه بلا زحمه اني عندي بجهات الاتصال مال البرنامج اكو كم اسم اريد امسحهم وماكدر يطلع عندي بس اخفاء جهة الاتصال ماكو حذف فياريت من الشركه تحدث البرنامج وتخلي بي هاي الميزه ....وشكــرا
Positive,كتير حلو 😃بس ليش ما اقدر ارسل فيديو 😞 اتمنه تعالجون المشكله 😊
Positive,أحب ذلك واو مرا حلو البرنامج او مو بس ارسل او بعد اتصل فديو او صوت صرحا مرا عجبني وبعد بنفس الجوال مو ضروري أحمله ❤❤
Positive,كلششش حلو ورؤؤعه بس اكو شي محلو بيه انو ماتكدر تدز فيديو ورساله صوتيه اتمنى اصلاح المشكله 💓💕
Positive,رائع جداااا السلام عليكم ارجو من الشركة تحديث البرنامج ويعاجون حالتي اني اريد امسح شخص ميمسح بس يكبي اخفاء جهات الاتصال ارجووو منكم ان تعالجوه وشكرااا
Positive,1- البرنامج جيد لاكنه يثقل على الجهاز يعني بس يضعف النت يثقل جدا ، 2- اتمنه ان ترفعو علامة الموقع التي تظهر اسفل المحادثه الموجوده في مكان الكتابه. - اريد ان تزيلوها او ترفعوها لانها تضايقني في الكتابه والسلام ✋
Negative,ويع ويع ويع ويع انطيت نجمة بس لااعلق شنو هذا 😕😕😕😕 هاي شهر ما فتحته طلع يكولي سوي تحديث 😒 وشنو هاي دعوات عابت 😝😝😝😝
Negative,في مشكلة فجاة يتوقف اثناء ارسال رسالة نرجو حل هذة المشكلة لان الجميع عم يعاني من هذي المشكلة (تم ايقاف)
Positive,احببت هذا البرنامج روووعه رووووعه روووووعه رووووعه
Positive,برنامج روعه والله الي يگول عنه فاشل فهذا الشخص مايعرف اله حبايبي هذا البرنامج للمحادثه الخاصه لبرنامج كوگل احمر+هو هذه اله البرنامج روعه انصح تحملونه مفيد
Positive,أفضل ميزة في التطبيق هي إمكانية منع رسائل sms المزعجة، وإمكانية تحديد نغمة لكل جهة اتصال.
Positive,مررره حلو بس فيه مشكله ما تقدر ترسل صوت ولا فيديو ياريت تحلو هذي المشكله
Positive,عسوله الكوريه رووعه بس المشكله لما اسوي إلغاء تثبيت وارجعه لازم اله تحديث او اريد أحدثه يكول ماكو مساحه و لتلفون كلللشي ما بي بس على العموم روعه
Positive,برنامج كولش حلو بس مو مثل قبل لان قبل كان يطلع اي شخص نشط هسة ميطلع بالتحديث الجديد بس هم حلو ومابي مشاكل
Positive,كلش حلو روعه يستاهل التحميل ليريد يحمله خل يحملا بل رقم خلي باوع التعليق ويحمله
Positive,برنامج كولش حلو بس مو مثل قبل لان قبل كان يطلع اي شخص نشط هسة ميطلع بالتحديث الجديد بس هم حلو ومابي مشاكل
Positive,تطبيق حلو بس شكل الايموشنز مش حلو خالص ياريت لو يتغير
Negative,اكره اتكلم خاص واتمني ان يلغاء خاص قوقل لا احب كثرت كلام ويخذا مساحة عندي كثر 😠اتمني اصلح خلال فيه
Negative,انا في مشكلة انا ما احب يوجد هذا البرنامج وكل ما اطي الغاء يرجع وامي ضربتني لان شافت واحد مطيني دعوة ورادت تحرم الموبايل مني ممكن اتصلحوا هذة الشي
Positive,مره حلوه بس اريد أحد يعطيني اسمه ف هذا البرنامج عشان ضايفه لأني معرفت أضيف أي أحد لوسمحتو يعني
Negative,برنامج فاشل البرنامج فاشل وجاسوس انا يطلعلي صور ما انا صورتهن وماممكن تحذفهن ارجو المساعدة و حل المشكله أرجو الرد
Negative,سؤال : اذا شخص تضغط حظر عليه شنو رح يطلع يمه؟؟اذا واحد يعرف الاجابه واكون ممتن لكم
Positive,روعة في الأداء برنامج ذو طيف واسع في سماء التواصل الاجتماعي وعليكم المثابرة لغرض تقديم الأفضل ...والختام سلام
Positive,لموشه الكيكه وستايل الفيكه روووعة بس بي مشكله إيقاف تشغيل
Negative,تالا بنت هشام أحمد زيلعي* ماعجبني كثير لأن 1 ظروفي ما تسمح إني أنزله 2 هناك قوانين في القناة لا يوجد برامج تواصل مع تحياتي تالا زيلع *
Positive,جميل هو حلو بس في مشكله ليه مانقدر نرسل فيديو او تسجيل صوت ولا هو بصراحه رهيب ورائع واكثر من رائع بعد 😊😊
Positive,بس لو تخلون فيه بصمه صوت افضل وارسال فيديو ممكن تسونه بليييييز
Positive,رائع أروع برنامج محادثات من حيث الجودة ونقاء الصوت ولكن ينقصه تسجيل مقطع صوتي وفيديو لإرساله
Positive,جيد .. .. جيد.. . شكرا لتوفير وسيلة اتصال وتواصل . ارجوا ان يستفيد منه الجميع ..
Positive,أفضل ميزة في التطبيق هي إمكانية منع رسائل sms المزعجة، وإمكانية تحديد نغمة لكل جهة اتصال.
Negative,كلش مو حلو ياخذ معاك فتره وبعدين مايصير يتصل ممكن حل للمشكله وبعدين يصير رووووعه ويستاهل خمس نجوم
Positive,احب التطبيق راءع+ممتاز في مشكل ليش ما اقدر اسوي مما امه فديو
Positive,Mr. X تطبيق جميل في التواصل عبر مكالمات ورسائل ومكالمات فيديو مجانية نفس تطبيق واتس اب وفايبر انصح الكثير باستخدامة
Positive,😭 صاير مش منيح حتى لما بفوت عليه بصير علق معي رجااااائن اصلاح هل مشكله كلما بفوت عليه بجنني ولما بكتب الي كتبتو ما بيبان اني بعتو بختفي
Positive,يا بنت الجالكسي مايجي بس اﻷيفون بس أنا جوالي جالكسي او بنت خالتي ايفون كمرة جاى عليه اترسلي
Positive,روعه برامج بس وقف على رسال مكن اليس جميل ❤
Positive,بس ياريت يبقى في تسجيل صوت وارسال موسيقى وهيبقى احلى برنامج
Positive,روووووووعه حلوووو
Positive,جميل بس اكو مشكله ليش ما اكدر ارسل صوت
Negative,البرنامج يحتاج تطوير مثلآ ... ارسال الفيديوهات ... الدردشه مالته سوهه مثل التلكرام او الواتساب هيج حلو ولصمايلات هماتين عاديات محلوات
Positive,رررروعةرررووعة.كلش.حلو.هذا.البرنامج....اواي.واحد.عندة.مشكلة.خلي.يحاجيني.اواني.احلهة
Positive,هي كثير حلوة بس ليش ماترسل فيديو أو مسج صوتي ارجو أن تحلو المشكلة
Negative,مخيس مخيس مخيس ....اولا بطي/. ثانيا /نبي نشوف صوره عرضنا هع ههههه
Negative,المصيبه الكبري انك لو بعتي صوره لشخص وعايزه تمسحيها يعني جاتك صوره واردت مسحها مستحيل تتمسح بتدخل علي حاجه اخطر من الاستديو وربنا يستر علي بنات المسلمين
Negative,ما يستحق ولا نجمه مع الاسف ولكم خربتو البرنامج بالتحديث الاخير😞👊
Positive,انه جميل لاكن مشكلة ميضهر الأصدقاء ع الكوكل
Positive,اكتير حلو بس بي مشكله يطلعلي دحديث
Negative,يجب التطوير يجب اضافة اليه خاصية الرساله الصوتيه . والسرعه جداً سيئه عليكم جعلها كسرعة التوااصل في الوات ساب او التلغرام او الفايبر .. انا مستا۽ 😞
Positive,برامج كلش حلو بـﮩﮩُـٍβαŞـﮩﮩٍـًس.✋ شويه يحتاج نت قوي و شويه ثكيل
Negative,اظيفو للبرنامج شي واحد هو جميل لكن حاولو انو يرسل مقاطع فيديو يكون كذا اكتمل ومشكورين
Positive,ليبيا البرنامج حلووو لكن مشكله إرسال الفيديو لكن حلووو هلبا ويستاهل****
Negative,البرنامج يعلق بَـßÃŠـسّ ادخل يطلعني ممكن اعرف شنـِْ♡̷̴̬̩̃̊ـِْۈۋۈ السبب
Negative,ممكن طلب وليس امر اذا ممكن بالتحديث الجديد تنزلو ميزة لمسح جهات الاتصال وليس اخفاء فقط مع تحياتي لجهودكم
Negative,سؤال ليش من ادخل عليه يكلي للاسف.توقف الHangout
Negative,البرامج حلو لاكن ثقييييل ويعلك كلش كل شوي يتوقف ف ياريت تصلحو ها لمشكلة لان عذبني ثكييييييل
Negative,مسحوب عليه والله البرنامج مسحوب عليه عندي اكثر من 300 جهة اتصال ولا واحد يستخدمه انا شاري الجلكسي صارلي سنة ولقيته بالصدفه وفتحته
Positive,البرنامج سمح لكن نحن عندنا شبكتنا تعبان شديد
Positive,يجنن😍احلا من فايبر 😩 يجنن روعه حملوه بسرعه 😃😃😃
Negative,البرنامج خربت ارجو تعدلوها طبعا البرنامج فشل هواي هو كلللش حلو بس بي عطلات هواي مثل اذا واحد يودي رساله يوكف او لساعات يلا يجي الرساله او يتشكل ومدري شنو ممكن تحدثوه حته الكل يتعلق بيها لئن احله برنامج وبس يصير حلو اقيمه ب 5 نجوم واذا اكو اكثر هم اقيمه بس حرام عليكم مجاي تظبطون وتعدلون مشاكله
Positive,والله حلو البرنامج بس ثقيل بلكوه ينزل
Positive,واو حلو كتير بس في مشكلة أشخاص غرباء يدخلون احيانا
Positive,حلو قبل جان اكو تحديث وميعلك هسه حته تحديث ماكو ومكالمه ميصعد حلو
Positive,مرا مرا حلو بس المشكلة انا ما يرسل فيديو
Negative,بدي اعرف مثل ما قال لأخ الصنعاني بيجمد كتير 😠😠😠😠حلوه الهلمشكلة
Positive,عجبني اريد نطي ملاحضة للشركة جاي تطلع عندي. وعند جميع سماء شخاص واني عندي جاي تطلع مادري. ليش اريد مسحهم ماتطلع مسح ممكن تحدثون برنامج وتخلونه نمسحهة تحياتك الكم حبايبي
Positive,بنت السعوديه مرره واو بس المشكله ما أقدر أرسل فديو أتمنى معالجته
Positive,😘😘😘😘😘 ياناس في فيديو انا بعرف الطريقه انا عندي جوال سوني z2 وفيني ارسل فيديو بس الحين بعد يفتح
Negative,برنامج جميل ولكن اخاف من البنات يدخلو خاص عليه😂😂😂😂
Negative,@ محلو😜 اني هسة يلة عرفت هوة برنامج مراسلة كلة مصريين شنو هاي
Negative,عاشقة الموت برنامج روعة بس ليش المحاثات عندي بعد ساعة تحذف تلقائيا
Positive,برنامج كلش حلوه وروعه بس ناقصه شي واحد ميزه البصمة اتمنه اتفعلون هاي الميزه بالبرنامج
Negative,بغداد والله فااااااشل وبس يعلك شلع كلبنه ولمن نريد نخابر يكول لا يمكنك الانضمام الى المكالمه ارجو التحديث رجاءاً
Positive,حنونة برنامج جميل وخفيف بلجهاز بس لازم اتحدثون بي
Positive,لوسمحتو كل ماطلع من البرنامج وانا اكلم والعب العبه يطفي فجئه تحديث القادم اظبطو اللوضع حطية اربعه عشانه هاذي بس
Positive,رائع افضل برنامج جزاكم الله كل خير
Positive,روعه بس فيه مشكله وحده😟 البرنامج رائع بس المشكله انه ما ينفع ترسل فيديو يا ليت تحلوا المشكله ولكم جزيل الشكر
Positive,هو جيد بس ما أصير نبعث مقطع صوتي او مقاطع فديو
Negative,اول زين الحين كل شوي تم ايقاف البرنامج ويطلعوني اتمنا حل المشكه باسرع وقت زفت الحين
Negative,مش عارف استخدمة حد يقلي استخدمة ازاي
Positive,العراق بغداد برنامج رائع لكن فقط لااقدر أن اغير الاسم
Negative,مو كلش حلو. .انطي 70%.. محمد الحلفي لتقييم البرامج $
Positive,واو التطبيق وايت روعة ولي مي نذله غبي احمار مطي كلب هههه
Positive,البرنامج حلو وحملته بس كيف ادخل وارجو ان تحلو هذي الكسكلة
Positive,برنامج رائع 🙇🌸 البرنامج مرا جميل بس مشكلته يعلق ويجيب فيروس بس عادي 🙇🌸
Negative,زفت هه الله لا ينطيك يا مديــر شـركہ جـوجــل ليش هيـك عمـلت بالهـانك الله ياخـدك يا فصـعــون
Positive,كيف اتصل بشخص ما عنده رقم بس ايميل .. كيف ابحث عنه بتمنى تردولي
Positive,😚😚😚😚😚 روعة روعة روعة(ارجو التحديث له لانه لا يعمل عندي الفيديو ولا المكالمات الصوتية)وشكرا جزيلا لكم
Positive,ارجاٱء مراسلتي ع البرنامج: اعجبني البرنامج كثيرا واحب مشاركت الجميع وشكرا
Negative,فاشل ولي يغلط علي بهذا البرنامج التافه من اريدامسحة ما ينمسح
Positive,روعهه مره حلو انا قابلت بنات فيه وصارو صديقااتي احبهم
Negative,كتير حللووو لازم تحديث يا م خبله ومخبل
Negative,جيد هوووو جميل بس فيه مشكلة كلش ثقيل
Negative,شباب كمت من اطب عل هنكوك يخرج رئسن محد يعرف رجائن
Positive,البرامج رائع وفقمه الروائع سهل استخدامه وآمن وسريع اتمنى الكل يحمله لانه كثييييير حلوووو وسهل وسريع
Negative,كلش عجبني بس اشو المكالمه مصير ورجو منكم اسوله ارسال فيديو
Negative,السَلآْم عَلْيُكّمٌ وٍرٍحَمُةّ الله وٍبُرٍكآتُهْ بس نجمه انطي لان مايشتغل عندي هااي تحدية عاويه
Positive,رووعه برنامج رائع
Negative,ثكيل عندي ليش .. سوله جاره لخاطر محمد
Positive,بليز ممكن ليش من اتصل يوصل لي شعار ما يمكنني الانضمام للمكالمة ولا الإرسال متوصلني
Positive,برنامج جميل لو أكون في إرسال صوت يكون أفضل برامج
Negative,ماعادأكدرأحكي مع حداكل ماأفوت اسم يعطيني تعذر أرجوكم ساعدوني
Negative,ماعاديشتغل معي الخاص كل مابدي أرسل لشخص يعطيني تعذرارجوالمساعدةوالردالسريع
Negative,انه باب من ابواب الشيطان من خلاله نحرفت الكثير من الفتيات
Positive,حٍلُۆۆۆۆۆ بْس يَآريَتٌ لُۆ تٌحٍـدِثْۆ ۆتٌسۆنْ بْصٍمہ بْيَ
Negative,رؤؤؤعه احله من كل البرامج شباب تعالو خاص بنات
Negative,عراق الخير بي تعليكات لدرجه جدن كبيراه ما يكتب احيانان
Negative,ترة هاذة برنامج كو زين الخفاجية لازكة بكوكل بلاس فااااااشل
Positive,جلسات رؤؤؤؤؤؤعه تطبيق بس ما ينزل مقاطع لو ينزل يكون تطبيق رؤؤؤؤؤؤعه جدا جدا جدا جدا جدا ولا ارؤع
Negative,فاشل مافي تسجيل صوت وهنن بالصور كاتبين ارسال صوت (ó﹏ò｡)
Negative,ياجماعه والله اني تم الايقاف ومينفتح وسويت تحديثونفس الشي ياريت تنحل هذه المشكله
Negative,تعليق تعليق و تقطيع لا يعجبني
Negative,والله حقيقة ما ارتاح لهذا البرنامج 😕
Negative,عجبني انا ما عندي واتساب واسدخدم hangout. لتراسل مع صديقاتي
Negative,وفاده مكه تجمعنا باأااااااااااايخ مع وعوع يستحق0 نجمه والله ان وعوع
Positive,عنيده ولي براسي اريده كولش حلو و يستاهل الف نجمة
Positive,كركوك العراق برنامج حلو بس جودة الاتصال فيديو ضعيفة
Negative,ماهذه القمامة أتسمون هذا الشئ متصفح عليكم اللعنة ايها الجراثيم النصابة يفتح صفحات اعلانات الاعلانات الاعلانات.😵😵😵😵 خلاص انا سوف اموت من كثرة الاعلانات اللعينة لعن الله وجه يريد تحديث و عندما اضغط علي موافق تظهر لي الصفحة الاعلانات اللعينة مجددا تبا لك ايها المطور الفقير........😬
Positive,الي قال البرنامج معفن و مو حلو هو غلطان هاذا احسن برنامج اذا ما عجبكم على الجوال جربوه على الكمبيوتر و لا تنصحو اي حد بي رايكم في بعضهم يبونه غيركم و في ناس ما تجيهم اعلانات زيي و مع السلامة
Positive,حلو انا هقول للعندهم مشاكل الى عايزين يحملوا فيديوهات يحمل برنامج اسمه tube mate وبالنسبة للتحديث والمساحة يحمل برنامج اسمه DU Speed bosteer ويدخل عليه ةينقلة لبطاقة sd بعد كدة هيجيب لك معومات التطبيق تدوس محو البيانات هيمسح البيانات ومش هيقصر عليه
Negative,مؤخرا بدات تطلعلي اعلانات باسم Google اعلانات كثيره ومزعجه ارجو ايجاد حل سريع. وحل مشكله كثره الاعلانات الكاذبه التي بإسم شركتكم واعلانات التداول والفيروسات
Negative,بصراحة كويس بس في مشكلة ان اذا عم تحمل شي بس تطلع مل برنامج ينقطع التحميل. ارجو اصلاح هاذه. المشكلة
Negative,ما ادري هذا التطبيق يبغا انترنت خاص ولا ايش كل ما تبحث عن شئ يقول انت غير متصل بالنت طيب البرنامج الثانية شغاله على الهواء. كل البرنامج شغاله ماعد هو وتطبيق المتجر... اكمل تحديث فاشل بعنى الكلمة
Negative,جميل ولكن أزعجتني هذه العبارة: هذا المكون الإضافي غير معتمد. هل من حل لهذه المشكلة التي تتكر دائما
Negative,متصفح جيد ولكن ... يرجى اعادة علامات التبويب الى ما كانت عليه قبل التحديث الاخير ... او تخصيص ذلك في الإعدادات ... يرجى النظر في طلبي.
Negative,هناك مشكلة اذا قمت بتنزيل ملفات من البرنامج وخرجت منه ينقطع التنزيل ارجوا اصلاح المشكلة
Positive,السلام عليكم التطبيق ممتاز لكن عندي مشكلة بسيطة وهي لا استطيع تنزيل ملفات pdf وشكرا
Positive,رائع برنامج رائع جدا لكن هناك مشكلة اتمنى حلها باسرع وقت ممكن (اذا قمت بلخروج من المتصفح وانا اقوم بتنزيل ملفات عن طريقه يلغي التحميل) ارجو حل المشكلة باسرع وقت ممكن وشكرا عند حل المشكلة اعطيكم خمس نجوم
Positive,همسه امل كتيييييييرحلو انصح بتحميله بس ناقصه تنزيل مقاطع فيديو ارجو تعديل المشكله
Negative,التحديث فاشل التحديث فاشل كل ما اشغل مقطع و احط له وقوف مؤقت ينعاد التحميل من جديد 😡 وش ذا التحديث ؟؟!!
Positive,Fakus روووووووووووعه 👍 روووووووووووعه 👍 انصح الجميع بتحميله يستطيع ايجاد التطبيقات التي لم توجد علي جوجل بلاي تحياتي للجميع.د.عمرى
Negative,القاهره هوكان شغال حلوالاول علي الواي فاي بس بعدكده بقي يكتبلي فشل واعاده المحاوله ومش بيفتح من عليه خالص وبقي،يفتح من الباقه بس ارجوايجادحل بسرعه
Negative,خلص تحديث كل يومين تحديث البرنامج صار حجمو كبير ... الواحد صار بدو بدل الذاكره الداخليه هاردسك خارجي 2TB.. او جهاز الذاكره الداخليه من 1TB ونتا طالع اوف خلص ...
Positive,رائع جدا من حيث سرعة البحث وسلاسة التصفح ولكن الأروع فيه الترجمه السريعه للصفحات بكل اللغات.شكرا لكم.
Positive,جيد جدا انا اشكر اللي اعطانا هذا البرنامج ما في اي علانات وجميل جدا وانا بنزل، صور جميلة من هذا البرنامج وشكرا لكم
Positive,"●راااااااااااائع ******* المتصفح chrome جميل وجيد ومذهل أتمنى أن توجد تطبيقات تشبه هذا التطبيق كما أنه ناجح و عملي ولا يوجد فيه أي خطأ"""
Negative,اكرهGOOGle يقول انو جوالي في فيروس وهو جديد كيف ما عرف حتي لعبه ولاشي ماحملت ويقول جوالك في فيروس اه كذب كذب كذب مره معفن زي الزباله نصيحه مني لاتحملو ابدآ ترا مامزح لاتحملو ابدآ ترا والله يطفش مره انا تنرفزت مدري كيف انتو ماتنرفزتو هاذي نصيحه مامزح نصيحه نصيحه نصيحه مع السلامه 😠😠😠😠😠😠😠
Negative,ما يتحمل شي مو راضي يقول الشبكة غير متوفرة أجل البرامج الثانيه بالهواء😡😒
Positive,التحديث جميل لأنه أسرع من النسخة السابقة والله لقد أصبح سريع جدااااا أشكركم واصلو
Negative,بعد التحديث اصبح سيئ يعلق عند الخروج من البرنامج ولا تستطيع مسح السجل كامل ولكن كل صفحه على حدا وهذا يتطلب منك وقت طويل جدا جدا
Negative,الله لايوفقكم يا ولاد الكلب يعني يجي واحد يبي ينزل لعبة تطلعولة الف اعلان الله لايوفقكم ياولاد الكلب
Positive,تطبق روعة بكل ما للكلمة من معنا تطبيق جدا جدا رائع مافي شي احلا من ها التطبيق
Negative,زباله وبطيء وبيهنج زباله زباله زباله زباله زباله حد يعرف متصفح يكون سريع..وشكرااا
Negative,قهر ياعمي ايش ذا كل ابو اعلانات والله ما يستحق ربع نجمه
Negative,سيى ولكن حملته لانه يفيد في التهكير
Positive,الاسكندرية .السيوف شماعه.قسم المنتزه اول انه من افضل التطبيقات التى صادفتنى حتى الان.شكرا..
Positive,افضل متصفح ، لكن للاسف توجد مشكله وهي الخروج من المتصفح فجأه بين الحين والاخر يا ريت تحلو هالمشكله
Positive,جيد خاصة بعد التحديث الجديد اصبح بإمكاني التنقل بين الصفحات بكل سهولة في الاندرويد 6.0
Positive,الحقيقه متصفح رائع رائع. بس ياليت لو يركب له اضفات مثل. البرنامج الذي في ويندوز. بيكوووون اجمل متصفح. حدثوه نبي يفتح اضافات
Positive,مشاكله في ايكونة التبويبات المفتوحه على نظام لولي بوب العربي حيث ليمكن التنقل بين الصفحات المفتوحه وايظا مشكله اخرى في الصوت في موقع يوتيوب
Negative,لابد من حل بعض المشاكل اولا الاعلانات كثيرة جدا كيف توجد كل هذه الكميه من الاعلانات فى تطبيق كروم وهو من انتاج جوجل وصاحبة النظام
Positive,افضل متصفح متوفر . هو ليس متصفح خارق لكنه افضل من غيره بكثير و الوحيد الذي يترجم الصفحات و يفتح مواقع حديثة غيره ما يفتحها مثل اوبرا فايرفوكس ....
Negative,سيء ليش بعد التحديث لما افتح التصفح المخفي صار يكتبلي اغلاق كافة علامات التصفح المخفي الرجاء حل المشكله
Positive,كويتيه و افتخر😻 يجنن إذا تحبون أمكم حملوه وايد حلو
Positive,برنامج حلو بس كل ما اشغل مسلسل او فيلم الفيديو م ش بيشتغل ليه
Positive,جده رائع جدا وبالفعل ينقصه تنزيل مقاطع الفيديو بدﻻ من الويب .. يعطيكم العافيه.
Positive,نور صراحه بعد التحديث جدا حلو التحميل سر بسرعه كل شي حلو انصكم حدثو
Negative,خلاص التحديثات لانريد كل يومين تحديث فقط لتغيير شكل علامة الخروج او غيرها من التفاهات يأخي احترمونا فاااااااااااااااااااااااااااااااااااااااااااشل فاششششششششششششششششششششششششششششششششششششششششششششششششششششششششششششششششششششششششششششششششششششششششششششششششششششششششششششششششششششششششششششششششششششششششششششششششششششششششششششششششششششششششللللللللللللللل
Positive,حلو لكن ينقصه إمكانية نسخ النصوص و نشر الفيديو ارجو منكم الإضافات هذه و شكرا
Negative,من كثر ما يطلب تحديث صرت اشيل من الذاكره واحط بشوالجيد وماشي الحااال
Negative,تقييمي .. غير آمن ويدخل لصفحات مليئة بالفيروسات بدون تنبيه .. مافيا يعني .. انتبهوا لجوالاتكم
Negative,بصراحة هذا التحديث أحسن عن التحديث الي قبله تستطيع أن تنتقل من صفحة الى صفحة مثلما تريد
Negative,اكبر غشااش 😂👍👍 انا عندي كميوتر وعندي قوقل انا اخذ اصور حق اختبارات واطبعه واروح المدرسه وكل اختبارات استاذ ماشافني
Positive,برنامج قوقل جميل جدا وانا اعمل به على طول لااغيره وهو رفيق حياتي في كل الأعمال
Positive,Ameerقاهرهم رووووووعة مرة سريع انااعطيه خمس نجوم
Positive,سلطانة جد رااااااائع وبيفوت للمواقع المحجوبة كمان حللللللللو كتييييير بيجنن. شكرااااااا💙💙💙💙💙💙💙
Negative,فاشل انصحكم لحد يثبته
Negative,اذا حملت ملف او تطبيق واخرج منه ينقطع التحميل ارجو حل هذه المشكله
Positive,البرنامج مره روععععععععععععععععععععه انصحكم بتنزيل هذا البرنامج واسمعوا كلام صديقكم احمد
Positive,هو كويس جدا و باسته من بعيد ونصيحة للي همه مشعرفين يشغلون ادخلو على اليوتيوب وكاتبة في البحث كيفية استخدام برنامج team viewer
Positive,جميل فقط ينقصة شئ ارجو اضافة اسهم الالعاب للتحكم بالالعاب و زر لاطلاق النار و هكذا و ارجو اضافة اللغة العربية كمل اتمني اضافة خاصية الدخول الي جهاز الهاتف او التابلت و للتحكم بة بواسطة الكمبيوتر
Negative,الكل يقول حلو و روعة و نحنا هون مريضين نفسيا ماحد يساعد حد كيف نستعمله 😢😞
Positive,هو كويس جدا و باسته من بعيد ونصيحة للي همه مشعرفين يشغلون ادخلو على اليوتيوب وكاتبة في البحث كيفية استخدام برنامج team viewer
Positive,جامد فشخ بقيت اتحكم بالكمبيوتر علي طول بس النت عندة وحش او البنج عالي ميحملوش
Positive,بصيطه بس حط كلمة مرور وكلمة سر وتحكم شي رائع
Positive,ملاحظه اللي يقول مايعرف يستخدمه ي اخوه لازم تثبت نفس التطبيق في الكمبيوتر وتضبط الحساب في التطبيق اللي ف الكمبيوتر وبعدين تسوي الحساب ف التطبيق اللي في الجوال ان شاء تفهموا
Negative,ياجماعة يعني ايهID اللي بيطلبه ده وانا بسجل ياريت لو حد يقول لنا خطوات تشغيله جزاكم الله خيرا مقدما
Positive,برنامج رائع و خالي من أي مشاكل و ما يحتاج لشهادة أحد لأنه معروف عند الجميع رائع
Positive,حلو بنسبه للي مايعرف يستعمله انا برويه. اولن. نزله عندك. بلحسوب وسويله مرابطه يئسم مستخدم وكلمه سر. وبعدين اتصل به. بنفس المستخدم وكلمت السر. وخلصنا.
Positive,Kurdstan.Irak رائع جدا يستحق 5نجوم
Negative,انصحكم اﻻ تنزلزه زباله زباله
Positive,جميل لازم تحمله فالكمبيوتر
Positive,ممتاز لا تعليق
Positive,برنامج رائع يستاهل سبع نجوم
Positive,جدا ممتاز للتحكم في الكمبيوتر خارج البيت
Positive,ممتاز بس بيبقي عربي ازاي
Positive,ممتاز ممتاز يستحق التنزيل 5 نجوم وينصح الشركة بتطويرة .البرنامج يساعد الاخرين الذين يعانون من مشاكل في الحواسيب والتلفونات ويحتاجون مساعدة او صيانة من صديق عن بعد عن طريقهُ
Positive,ممتاز الاخ mazn حمل البرنامج بالكمبيوتر وحمله بجوالك واعمل اتصال بتسجيل رقم الهوية الموجود بالبرنامج ويقبل بعدها يطلب الرقم السري بيكون موجود بعد ما تدخل الهوية اي رقم الهوية
Positive,انتبهو علمونا كيف نستخدم البرنامج يا جماعه كل واحد بيقول ممتاز ممتاز واحنا قاعدين زي الطرش في الزفه علمونا كيف نستخدمه
Negative,مابحبش اقيم كتير بس البرنامج ده خلاني لاول مرة اكتب لحد صنع برنامج ( شكرا )
Positive,اقسم بالله برنامج رائع جدآ انصح بتحميله انا مجربه بنفسي
Positive,Mostafa mohamed أروع و أقوى برنامج للتحكم عن بعد وهو برنامج غني عن التعريف بالإضافة الي مميزات كثير مفيدة
Positive,ممتاز وانا بس تعمل هذا البرنامج منذ 5 سنوات راءع
Positive,برنامج حلو ومفيد جدا هوة برنامج ضروري للتحكم بالكمبيوتر عن بعد
Positive,تطبيق جميل للتحكم بهواتف اندرويد
Positive,برنامج ممتاز جدان اعطي 5نجوم ارجو ططوير البرنامج
Positive,برامج حلو شكرا لمن ساهم فى صناعته
Positive,مصر جميل طيب ممكن الكمبيوتر هتخل عندي
Positive,جيد لاكن البرنامج لا يشتغل الا علي wi fi ارجو الحل في مصر بس الكلام دا لا يفتح علي موبنيل والا اتصلات والا فودافون بالله عليكم الحل دا حسابي skype saad55261
Positive,القاهرة ،، الجيزة جميله جدا من زمان وهوه من افضل البرامج عندي بس فيه مشكله لازم واي فاي وانا مشكلتي طول يوم برة في الشغل اتمني حل المشكله في اسرع وقت ممكن ،،، وشكرا ليكم جميعا ،،
Positive,حلو بس مشكلته لما تصورين فيديو يصور وجهك وينزله على كوكل وتصير فضيحه
Negative,لا يوجد اسماء عند جهات الاتصال ولا تظهر كتابة للرسائل شو المشكله لو تكرمتو ...التطبيق غير صحيح لديه مشكله
Negative,هناك مشاكل الدردشه مش بتظهر ولا المشاركين حتى كمان البرنامج أصبح فاشل ارجو حل المشكله
Negative,اﻻردن الدردشة مش ظاهره وﻻ كلمه وﻻ الصور حرام عليكم ارحمو اهلنا شويه من التحديثات
Negative,بجد البرنامج بقى فاشل كل شوية يعمل يعمل هروح وادخل الاميل تانى يقولى غير صحيح بجد بقى مقرف
Negative,افشل وأتفه برنامج على الاطلاق بدو حرق هو وشركتو
Negative,تحديث فاشل اخر تحديث سيء جدا ، لماذا لا يظهر الكلام بالدردشة والاسماء غير ظاهرة vrey bad
Negative,هناك مشكل لايمكنني روية محتوى دردشة عند دخول لااستطيع روئية
Negative,اناكنت نزلت البرمانج قبل سابق وحزفته وبعدين حملت تانى ومش راضى يحمل معى كل محمل البريد الاكترونى يقلى غيرصحيح ارجوالمساعده
Negative,الاردن سيء للغاية الدردشة ما بتظهر شو المشكلة
Positive,ممتاز ممتاذ ممتاز جدا شكرا للمطورين
Positive,حسون برنامج رب الروعه خرافي احسن برنامج للمراسله ولله بس الي يكول عليه فاشل هذا ميعرف يستخدم البرنامج تحياتي
Negative,خربتوة بتحديثكم الجديد صح حلو انو صار عربي لكن الدردشة ما بتضهر واﻷسماء اتمنى تشوفو لها حل
Negative,ممتاز ﻻكن هناك مشكله اسماء المشتركين ﻻ تظهروﻻ الدردشات ارجو حل المشكله
Positive,شكراً ع ادخال الغة العربية افضل برنامج
Negative,مصر لا يوجد اسماء عند جهات الاتصال
Positive,مصر روعه جدا
Positive,جامد جدا. جدا
Negative,الصوت بيفصل كتير البرنامج بيفصل لوحدة
Positive,يستاهل لانه دعم اللغة العربية لكن ياريت يثبت البرنامج على رقم المستخدم وليس على حساب
Negative,محتوي الدردشة لا يظهر
Negative,اوووف ليش مابشتغل علا سامسونج نوت 4
Positive,الكويت العاصمة برنامج رائع جدا وذات خصوصية
Negative,المانيا كولونيا معقد ولا يقوم بتنزيل المشاركين تلقائيا. نرجوا تبسيط التطبيق وجعله سلس وسهل وبسيط اسوة بالتطبيقات المشابهه مثل ايمو وتانغو ولاين و واتس اب وغيرها
Positive,برنامج روعه خصوصا للاتصال علي اوروبا وامريكا ولكن لا فايده من الاتصال ع الدول العربيه لان كلفه الدقيقه مقاربه لاسعار دقايق الجوال محليا ،،،بمبلغ بسيط تقدر تحصل علي اتصلل مفتوح ع دول امريكا واوروبا جوال وثابت
Negative,ألغاء ألغاء وشطب بالثلاثة😣😣😣😬 ولاعمري نزلتة ويوم فكرت أنزلة عقدني وجننني. تمت الإزالة بنجاح...
Negative,لا اري اي رسائل تيجي الصفحة فاضية ولا اري الرسائل القديمه حتي ولا الاسماء
Positive,الرسائل. والمحادثه مش بتظهر بعد التحديث للغه العربيه ياريت تحلو المشكله
Negative,شو هالسكيب كل ما اكتب رمز سري بقلي يجيب اين يتكوين من رقم او حرف واحد ليش هيدي لمشكل او بحط رقمي ما بيمشي لحال
Negative,عندي مشكل ارجوا الحل الكتابةلاتظهر بما فيها اسامي المتصلين ورسائل الصادرة والواردة
Negative,تحديث زفت وطريقه انشاء الحساب زفتين الرجاء حل المشاكل دي
Positive,لنا معة تاريخ و ذكريات برنامج رائع و جميل جدا كنا نستخدمه زمان لا أدرى الآن هل تطور أم بقاء كما هو
Negative,ﻻ تظهر الرسائل وﻻ اﻻصدقاء جﻻكسى مينى
Negative,بعد التحديث للعربية مافيش محادثة بتظهر ولا اى كلام بيظهر ممكن الافادة
Negative,ماتطلع الدردشه ولا يمديني ارسل ارجو حل المشكله باسرع وقت لما تحلو المشكله بعدين اعطيكم خمس نجوم
Negative,جيد بس الصدر الجديد مو شقا عندي يطلع غير مرئ
Negative,يقول ان البرنامج ليس مثبت ما ادري وين المشكله
Positive,العراق بغداد أروع واجمل برنامج لكن الصورة غير واضحه سابقآ كانت أوضح ارجو التعديلات
Negative,الدردشة لاتظهر يرجى والاسماء ايضا لا تظهر يرجى حل المشكلة لتقييم التطبيق شاكرين تعونكم
Positive,حلوو جدا نرجو المحافظه على الغه العربيه
Positive,بغداد جيد جدا فيه بعض المشاكل البسيطه ارجو حلها
Negative,زي الزفت زبااله بعد التحديث
Negative, زفت مش بيتثبت اساسا ..مع جميع المحاولات. 
Negative,ليش لو تريد تشتري رصيد تدخل المتصفح بطيئ
Negative,فيه مشكله في البرنامج مفيش رسائل بتظهر
Positive,برنامج روعه وكفاءة عاليه جدا جدا نشكر كل العاملين والقائمين على البرنامج وإلى الأمام ومزيد من التقدم
Negative,يخفي جميع الرسائل القصيرة لا تظهر عندي الرسائل المستلمة والمرسلة
Negative,زفت لماذا لاتتم عملية إنشاء الحساب لماذا؟؟؟؟
Positive,كيف استعمله شراء رصيد ام على واي فاي ارجو الاجابه
Positive,مصر ممتاز جدا
Positive,برنامج ممتاز انا دايما شغال عليه هوا البرنامج المفضل ليا
Negative,الكتابه ماعم شوفها لما براسل حده شو سبب
Positive,السعوديه مش كويس لانه يريد بطاقه او دولارات
Positive,زفتيشن مابيشتغل على شبكات واليريس
Positive,يدعم اللغة العربية مشكورين على إضافة اللغة العربية
Positive,روعه الصراحه راحه البرنامج روووعه ويستاهل اكثر من خمسه نجمات وشكرا
Negative,لا يمكنى روية الأصدقاء الا فاتحين ودايما يقولى غير مرئي
Positive,أجمل برنامج لا تهكير ولا أي إزعاج لكم كل التحية
Negative,الزرقاء المكالمة تفصل لحالها
Negative,برنامج بقى زبالة
Positive,تطبيق جيد جدا
Positive,رائع مثل هذا البرنامج الناجح يستحق كل الاعجاب فهو هادف ويساهم في تطوير كل المجالات
Positive,تطبيق رائع جداً 👍👍👍
Positive,مدرسة معرفية متكاملة تطبيق مفيد ومستواه راق يوفر مادة معرفية قلما تجد لها شبيها في موقع آخر. أتمنى أن نحرص جميعا على متابعته باستمرار
Positive,أفضل برنامج ملهم معرب انصح فيه بقوة
Positive,رائع مفيييييد جدا
Positive,ممتاز تعليمي و تحفيزي شكرا
Positive,Nice برنامج يستحق الشهرة بين الطبقة المثقفة
Positive,هالتطبيق نعمة ، اغتنموها .. قصص ، وتجارب ، وغير كذا والأهم تكتسب لغة انجليزية قوية ، كل الشكر للقائمين على هذا الموقع والتطبيق بالذات.
Positive,فديوهات تطور من نفسك و تعطيك الثقه في نفسك و تجارب جميله جدا
Positive,شكراً للمترجمين! برنامج غني عن التعريف. محاضرات قصيرة عن اي شي جديد او مفيد.
Positive,متل هي البرامج اللي لازم تحتل جوجل في منتهى الروعة شكرا لجهودكم
Negative,مش كل المحادثات مترجمه للاسف الإصدار السابق احسن بكتير
Positive, اعشق مثل هذه البرامج ..شكرا للقيمين عليه ♥
Positive,شكرا لكل من جعله متاحا بالعربية
Positive,معنى النجاح رائع جدا
Positive,جميل ومحفز وملهم
Negative,هناك بعض الأخطاء و التي تخالف عقيدتنا الإسلامية ، لابد من الحذر و عدم أخذ كل شيء ، بل عرضه على الشرع .
Negative,تحتاج بعض الفيديوهات الى الترجمة لذا نتمنى الاهتمام بهذا الجانب
Negative,لماذا لا يوجد نسخه عربية بحكم أن هناك عرب نجحوا و عرضوا نجاحاتهم بالنسبه العربية للبرنامج فلماذا لا يكون هناك تطبيق عربي مواكب للبرنامج العربي
Negative,غالبية المحاضرات عن الاسلام فيها تشويه لصورته الحقيقية و دكاترة و فلاسفة للاسف مسلمين .. ويشوهون دينهم ..لا اعلم ان كانوا مسلمين حق ام هم اجندة تدعي انها مسلمة يستخدمون خبراتهم و كفاءاتهم لغسيل ادمغة المسلمين و غير المسلمين .. اكتبوا كلمة islam و شوفوا المحاضرات باللغة العربية
Negative,برنامج غاية في الجمال لكن هذه النسخة الحالية توجد فيها بعض المشاكل منها 1- عدم امكانية كتابة اسم اطول 2-عدم ظهور المنشور كامل في اللحظات 3-التوقف والخروج الغير اعتيادي عند الظغط على ايقونة البرنامج . مع الشكر والتقدير 🌹
Negative,م مش حلو زفت البرنامج القديم حلو هذا مش حلو بعد التحدي
Negative,😒😒 ياناس الخلل حطم البرنامج انا انس ابعصر جنت متواصل بي وبصوره عتياديه هسه اجيت حتى اتواصل وي جماعتي لكيته ميفتح اروجي من العاملين علا البرنامج تصحيح هاذه الخلل
Positive, من افضل البرامج العربيه الموجوده يجمع كِْـ☆ـِْلِْ الدول العربيه كِْـ☆ـِْلِْ الشكر ولتقدير لمن تعب عليه تحياتي لكم 
Negative,فيه خلل كل يومين لازم احذفه واحمله من جديد وتنمسح جميع الرسايل لا زم تنحل المشكله اكره ذالك نجمه واحده
Negative,النجما علة الطلاق بسم الله مشاء الله برنامج حرام في النجمة علية الطلاق لو اعرف مكنت نزلتو هههههههههههههه ليا ليا بوز التليفون حرام
Negative, برنامج جميل ورائع وقوي ولكنه للاسف يعلق كل اسبوع تقريبا ولازم امسحه وارجع انزله وتروح الرسايل علي ولا اعرف من كلمني طيله المده العطلان فيها للاسف لولا هذه المشكله لا اخذ عشره علئ خمسه ولكن معاها للاسف الشديد راح ياخد فقط نجمتين ارجو ان تصلحو المشكل الي مع الاسف له سنتين او تلات سنوات انا شخصيا اعاني منه من اول ماعرفت البرنامج الحلو القبيح و المتميز البذيئ و القوي الضعيف هكذا اراه متناااقد جداااا وشكرا
Negative,الاتصال عندما اقوم بالاتصال والرد على المكالمه الصوتيه او الفيديو يضل الهاتف في حالة الاتصال حتي لو اجابت على المكالمة بختصار المكالمات لاتعمل ع طول نرجوا منكم الحل في اسرع وقت ممكن حتى لانتطر ان نبحث عن البديل اخر وشكراً على جهودكم المبذول
Negative,مره صار زفت كل ما ابي ادخل علي البرنامج لزم امسحه وارجع احمله من جديد ليه كذا مره طفشت اليوم حملتها تقريبا خمس مرات ياهو شوفو لنا حل والمشكله لزم احذفه ولما ارجع كل محادٽاتي ورسايلي انحذفت مايصير
Negative,كل تحديث لازم تصير مشكله جديده ..حاليا لا الاسم يتغير و لا الحاله(ما الجديد).. اني الاعرفه بالتحديث يحل مشاكل مو يخلق مشاكل جديده..
Negative,ماله خرب ، كان ماله شي ،ذلحين تدخل اول ماتحمله تمام ،ولاخرجت ماعاد يرضى يدخل ابد
Negative,كويس بس الصوت يوصل متاخر ب2ثواني يجب اصلاح الأخطاء
Negative,بعد التحديث خرب صار الواحد ايه اسم بيخطبو بيطلعلو تم ادخال احرف غير صحيحه ليش
Negative,بصراحة التطبيق سيء لانه بطيء وايضا يغلق فجاه .. ومميزاته انه لايظهر خاصية الاتصال فهو افضل من برامج التواصل الاخرى .. خاصية عدم الاتصال خاصية ممتازه جدا لان فيها نوع من الخصوصية
Negative,زززفففففت كانوحلو الان زفت كل شويه حذف وتنزيل ما يستحق ولا نجمه
Negative,اصبح البرنامج ممل للغاية يحتاج البرنامج الى تحديث جذري يشمل كل شيء
Negative,زفت بيقفل لوحده وارجع انزله تاني يقفل برضه
Negative,عطل فني لايصلني رمز التفعيل تصل رساله من واي شات لاكن الرساله فارغة لايوجد بها شيء
Positive,ممتاز برنامج حلوبس فيه ميثزة الرج مايطلع الاشخص واحدكان قبل سنه يطلع 20شخص في ميزةالهز
Positive,😔بية هموم تكسر خاطر الشيطان 😔 والله ارقة واحسن برنامج بالاتصال و بالتواصل الإجتماعي واشكر مصمم البرنامج وعاشت ايدة الي صمم البرنامج واشكر الأصدقاء الي يتواصلون وياية واشكر الي يستخدم البرنامج الي يستخدمة بشكل صحيح لان اكو البعض من الشباب مع احتراماتي للجميع اكو يستخدموا بشكل غير صحيح وتحياتي وتقديري والشكر الجزيل للجميع وتحياتي للجميع 🌺 🌺 🌺 🌺
Positive,البرنامج جميل جدا ولا استخدم غيرة من برامج التواصل لانة مميز عن كل البرامج لكن الان عندي مشكلة متكررة وهي ميزة الرج تتوقف كثيرا ارجو حل المشكلة من الفريق القائم علي البرنامج
Positive,برنامج حلو بس فيه أشخاص انذال يستخدموه.لنذاله أجمل برنامج لاني عرفت الحب الحقيقة فية بس ياليت كون المستخدمين يستخدموه.بحترام وبلاها.السفاله
Positive,هو جميل جداا بس لو حد بعتلى رساله ما توصل الا لما افتح البرنامج الاول وانا قافل البرنامج واحد اصدقائى بعتلى رساله لمجرد افتح بيانات الهاتف الرساله توصل الان لازم افتح البرنامج علشان اعرف فى رسائل ولا لاء
Positive,روعه من خلاله تعرفت على وحده وتزوجتهااا شكراا على هاذا البرنامج
Positive,اعشقك بجنون برنامج رائع…. طبعاً اني كلش احب هذا البرنامج…
Positive,برنامج جميل ورائع لاكن ينقصة معرفة الأصدقاء هل هم متواصلين على البرنامج و عدم معرفة هل استلم الصديق الرسالة أو لا ارجو حل تلك المشكلتين وشكرا
Positive,احُلُيَ بّرَنَامٌجْ كِلُشِيَ فَيَُه رَايَْع جْدِا مَشَـــڪُوُرْ يَنَ
Positive,برنامج حلو بس في شوية مشاكل
Positive,سوريه برنامج يستحق الف نجمه
Positive,احلا. برنامج كل شيء فيه حلو استخدمه من اربعه سنين جيد جيد ويستاهل مليون نجمه
Positive,ممتاز ورائع لكن ياريت يكون في ميزة معرفة هل الرسالة مقروءة أم ل
Positive,افضل البرامج رووووووعة ومن افضل البرامج
Negative,صار غير جيد يتأخر بإرسال الرسائل.. مع العلم أن النت قوى.. نرجوا حل هذى المشكلة
Negative,احقر تطبيق شوية حرامية يرسل دعوة لكل المضافين عندك وعلى حسابك الشخصي مع انني طلبت منه عدم ارسال دعوات لأحد بس طبعا اشتغل على كيفه الخلاصة شوية حرامية
Negative,هو ليه بيخصم الرصيد اللى عندى كله فى اقل من خمس دقائق ده نصب مفيش تفسير غير كده
Negative,مشكلة كبيرة مش بعرف ان حد اتصل علية ولا بعتلى رسالة إلا وانا فاتحة التطبيق لية أرجو حل المشكلة سريعا
Negative,ليه ما بيشتغل مع سماعات البلوتوث ومافى تبديل من الاتصال الصوتى للفيديو والمكالمه شغاله
Negative,فاشل ديربالكم مرات يصور فيديو ويرسل هذا الفيديو لجهات الاتصال الموجودة بموبايلاتكم دون علمكم
Negative,زباله زباله زباله ما كويس كل مره بقيف عندي ما استاهل ربع نجمه
Negative,لا يستجيب في كثير من الاتصال على الأصدقاء ويغلق الخط وماعرفت ماهو السبب يجب انتجدوا حلا
Negative,لا تظهر لي الملصقات قبل أن أقوم بعمل فرمتة للجهاز، كانت الملصقات تظهر لي، الان لا استطيع أن أراها
Negative,اصبح برنامج لاقيمت له برنامج زبالة لابارك الله في داه برنامج ولافي القائمين عليه لويتم الغائة يكون. احسن
Negative,السودان تمااام ولكن لما يرى الشخص الذي اراسله رسالتي وانا اكتبها اعني قبل الارسال. هذا خطأ ولابد ان يتم تصحيحه
Negative,khalowody_79 الو سلام عليكم ورحمة الله وبركاته ضيفوني يا حبائبي على البرنامج ايمو الله يسعدكم جميعا حسابي { khalowody al khalidi }
Positive,برنامج يطير العقل خمس نجوم يستاهل imo الف شكر وتقدير لكم
Positive,روعههه.مكالمات.مجانيه. فيديو+ و صوت.روعههروعهههههه روعهههههه روعهههههه روعهههههه
Positive,هاد برنامج رائع جدا بس في مشكلة هي أنه مافيه رسائل صوتية ممكن تضيفو رسائل صوتية
Positive,جميل جدا وصوت واضح. فيه مشكله ماقدر احظر جه الاتصال افيدوني كيف احظر
Positive,مزعج تنبيهات مزعجة مين يدخل البرنامج ياريت لو اتحكم ماريد تنبيه
Positive,ممممممتازززززززززززز ياريت يكون فيه تحويل الصوت لفيديو من غير ما أفصل المكالمه
Positive,والله جميل جدا هذه البرنامج شكر وتقدير لكم جميع
Positive,حلو روعه كثير حلو هذا البرنامج 100/100
Positive,ايمان مني برنامج في غايه الروعه
Positive,العراق جيد جدا روعه بداعه
Positive,انا ( باران الهموندى ) من مدينة هةولير عاصمة اقليم كوردستان في العراق جيد ولاباس فيه ولكم جزيل الشكر والاحترام
Positive,ممتاز ممتاز ممتاز رهيب والله رهيب
Positive,وبحب الناس الراقيه البتضحك علاطول اما ولاالمتضايقه انالاءمليش فى دول ممتاز
Positive,اشكركم على هذا البرنامج المميز واعلم انكم قادرين على الوصوله به الي التميز اكتر واكتر ونشكر مجهودكم
Positive,سوريا حره بأذن الله لم التحديثات كثيره ولا اي شيء جديد
Positive,لبنان جميل جداً مايحتاج نت قوي وصوره صافيه احب هذا البرنامج شكراً
Positive,ممتاز جذا برنامج رايع وتواصل افضل اتمناء الكل يحمله لانه برنامج جميل للغايه ★
Positive,الشوق للبلد بعد التحديث يستاهل ☆☆☆☆☆ نجوم واحلي شي حذفو مربع الفيديو كان يشتغل تماتيك
Positive,جيد يحتاج الي مزيد من الخصوصية من يمكنه رؤيه صوره البروفايل واخر ظهور
Positive,السودان الخرطوم البرنامج جميل
Positive,اعجبني ولكن برنامج رۈۋ‏عـِھّ بالاتصال فقط افضل برنامج اتصال ولايحتاج نت قوي لكن الرسايل مش سريعه زي الاتصال والفيسات تفتح بعد وقت تتاخر وكمان يطلع ارقام غريبه فيه ومش مسجلين معاك بهاتفك وكمان فيه نقص بالاعدادات الخصوصية مش مكتمله مثلا منع اي اتصال باستثناء جهات الاتصال الي عندي وهيك.
Positive,مصر الحبيبه ممتاز ومن أفضل سوائل الإتصال على لإطلاق بدون جدوى نشكركم على هذه التقنيه المميزة من نوعها ونتمنى لكم مزيد من التقدم والنجاح
Positive,يستاهل مليون نجمة برنامج ممتاز كتير كتير و خصيصا انو ما بياخود انترنت قوي ... يعني انترنت ضعيف شغال متل الفل
Positive,بغدادية و افتخر البرنامج حلو امنزلين البرنامج (imo ) اباجهزت خواتي بس ليش ما جاي ينفتح ابجهازي. رجاءن حل المشكلة شكرأ
Positive,مصر جميل وراع جدا حتا لو الشبكه ضعيفه هوه شغل 100%100جميل ويستحق 10 نجوم مو خمسه بس
Positive,جميل ولكن في مشكله بسيطه هوة برنامج جميل لمن ارسال الفيديو متطلع اغنيه بي ويتاخر بتشغيل
Positive,جيد جدا بس الاتصال والاستقبال بطيء جدا يمكن من الشبكة نفسها ارجوا المعالجة لهذة المشكلة 😊
Positive,العراق :-) بغداد برنامج جيد جدا ولا يحتاج نت قووي تحياتي ### اللهم ارحم شهداء الكراده# ابن الانبار
Positive,السودان @ المناقل اللهم ببركة هذا العيد يجعله في ميزان حسناتك ويبعد بينكم والنار كما بااااااعد بين السماء و الأرض ويجمعنا وإياكم في جنات الخلد
Positive,ممتاز ممتاز خاصه للي عندهم اهل برا للتواصل مع الاهل ممتاز افضل من الوت ساب والفايبر بالاتصال
Positive,السلام عليكم ورحمة الله وبركاته الأحساء الهفوف الصالحيهممتاز جيد جدا مرتبة شرف. 👍 👍 👍
Positive,كويس اوي ها الله أكبر حلم البرنامج ونت حاط في بطنك بطيخ وحتنبسط اويها
Positive,من أروع البرامج للتواصل شكرا عله القيمين علا البرنامج لمزيد من التوفيق انشالله من أروع البرامج للتواصل أنصح بتحميله
Positive,السلام عليكم الحين البرنامج صار يعلق عندي واحذية ونفس المشكلة
Positive,افندينا والله البرنامج حلو فوق الروعة الله يزدكم
Positive,العنوان الوطن العربي الوصف جيد جدا جدا ممتاز روعة
Positive,يويو توتو هذا البرنامج روعه روووووووووووووووعه روووووووووووووووووووووووعه جدا
Positive,برنامج ممتاز خصوصا لو معاك بنت بتكلمها
Positive,ممتاز جدا يستاهل خمس نجوم بجداره افضل مافيه صغر حجمه ودقته
Positive,واوووووو روعة اني اختكم وانصحكم اتحملونة
Positive,السودان برنامج جميل جدا وبرنامج سهل التواصل مع الاحباب
Positive,في الاتصال ﻻ يوج تقطيع في الصوت اوفي الفديو كما نعرف بالفعل روعة روعة
Positive,برنامج جميل خمس نجوم قليله أنصح بتحميله لأنه رووووووووعه
Positive,جميل جداااااا والمراسلة علية ممتعة وسريعة الارسال فهو جميل جداااااا
Positive,البرنامج جميل ارجو منكم حل رسائل الرسومات
Positive,اكثر من رائع ولكن ينقصه بعض الاشياء
Positive,اليمن جدا سريع ووضح مشكورين
Positive,رائع يمكنك مشاهدة من تشتاق اليه من خلال هادا البرنامج حتى لو كان بعيد عنك جدا
Positive,لبنان برنامج ممتاز شكرا الكن
Positive,ممتاز افضل برنامج جربته من ناحية المكالمات الصوتية
Positive,الاردن روووعه روووعه انصح بتحميله😍😍😍
Positive,ممتاز الله يعطينا من خيره و يكفينا من شره
Positive,برنامج رائع شوية عليه
Positive,هذا منتهى الروعة واﻻبداع.
Positive,احبك يا ايمو كثير حلو بنصحكم نحملونه
Positive,ممتاز في المكالمات الدولية والفديو كول
Positive,رررروعه حملته مره روعه
Positive,والله انصحكم بإستخدام imo. ...
Positive,ممتاز جدآ ألايمو جعلنا نعيش في بيت واحد مع الأصدقاء البعد
Positive,برنامج حلو جدا
Positive,برنامج حلو جدا
Positive,رنامج حلو ورائع جدآ بس ليش مافيه البحث بالاسم
Positive,روووووووعه من الأخر سهل الأستخدام بإمكانك التواصل بمكالمة الفيديو أو بالدردشة النصية
Positive,رووووووعة كتير حلوة اني احبو كتيررررررررر
Positive,ممتاز وأكثر من رائع
Positive,ممتاز روعة كل الاتصال صور وصوت
Positive,جميل شكرا لمن قام على هذا البرنامج ارجو ازالة الاعلانات وجودة الصوت
Positive,برنامج فى قمة الروعة من أفضل البرامج بالعالم
Positive,أنه جميل جدا برنامج قوي للمراسلات
Positive,من اجمل البرامج قوي جدا الفيديو واضح جدا
Positive,سهل وممتع جدا ف الاتصال جيد جدا
Positive,بصراحه البرنامج جيد جدا
Positive,جميل ورائع شكراً لكم
Positive,جميل جدا شكرا لجهودكم رائع
Positive,جميل جدا شكرا لجهودكم رائع
Positive,حلو كتير ممتاز جدا
Positive,جميل ورائع جامد طحن
Positive,برنامج جميل جدا جدا
Negative,كس ام امه برنامج خرى وصاحبه ابن وسخه حراميه ولاد حرام يدعو أصدقاء لحاله ويخصم رصيد انا عندي 50 جهت اتصال كل واحد يرسله رساله ويخصم توني شاحن رصيد كس ام البرنامج
Positive,اعجبني ولكن برنامج رۈۋ‏عـِھّ بالاتصال فقط افضل برنامج اتصال ولايحتاج نت قوي لكن الرسايل مش سريعه زي الاتصال والفيسات تفتح بعد وقت تتاخر وكمان يطلع ارقام غريبه فيه ومش مسجلين معاك بهاتفك وكمان فيه نقص بالاعدادات الخصوصية مش مكتمله مثلا منع اي اتصال باستثناء جهات الاتصال الي عندي وهيك.
Positive,يستاهل مليون نجمة برنامج ممتاز كتير كتير و خصيصا انو ما بياخود انترنت قوي ... يعني انترنت ضعيف شغال متل الفل
Negative,العراق بس عندي مشكلة من اسجل على رقمي فقط ،، يطلب مني تحديث البرنامج اما بقية الارقم تكون عادي يقبلها ويفعل البرنامج،، مع العلم احدث اصدر نزلت
Negative,كل ما ادخل رقم الجوال و ادوله يقول تاكد انك متصل ب الانترنت ولانترنت فل وبعد ذالك اجى ولا اي رساله تجي ع شان الرمز حلو المشكله بليز حلو المشكله
Negative,أفضل عدم كلام وانتظار التحديث ! سؤال طالما تم تحديث احتفاظ تخزين لما يستهلك ملفات موبايلي بشكل كبير أيضا ذاكرة مؤقتة مثال إذا أجريت مكالمة يدخل 90 Mg أو أكثر في الملفات معلومات ؟؟؟؟؟!!!
Negative,للاسف كان يعمل ولان لاتصال ولاشئ عندما تعمل اتصال يخبرنا عبي كريكت ليش هذة التغير نريد حل وشكرا حين مايصبح ايجابي ننصح بتنزيلة اما الان لا لا
Negative,سيء جدا .....لقد تم ارسال الرمز لكن يعطيني خطا بالرمز ....ارجو المعالجة على وجه السرعة
Negative,برنامج زبالة مايستاهل ولا نجمة كل مره يطلب انترنت عند التنشيط والانترنت شغال حلاوة
Negative,مكالمة فيديو ما عم تزبط ابدا وفورا بيصير الاتصال ضعيف ..بنضل نفصل ونرجع نتصل لدرجة انو المكالمة بتصير مملة
Negative,ما يتصل البرنامج كان جيد لكن حاليا ما يسجل يقولي لازم اتصال انترنت والنت موجود ؟؟مع العلم ان البرامج الاخرى شغالة
Negative,كان كويس دلوقتى بقى زفت على طول غير متصل ولايوجدنت من مع انه فيه نت من لكن المكالمات توصل بعدين
Negative,زى الخره هو انا بحمل تطبيق ولاانا بعقدنفسي تطبيق معقدابن وسخه مابيفتحش كله عقد اي تطبيق مبتدئ احسن منكم ياحرامية ىانصابين ٣مرات وراء بعض احمله وامسحه ومايشتغلش ربنا ينتقم منكو ىعني ايه احدث اصدار انتم بتعقدونا ليه.ويعنى ايه المسح الخره الى على دماغكو ىازباله فايبراوسخ تطبيق
Negative,لدي مشكله انا ادخل الرقم لتفعيل الفايبر ولاكن دون جدوا لاياتي رقم التفعيل ع الرسائل ولا يوجد هناك اتصال والاتصال متاح لمرتين فقط في اليوم انا احاول منذ 3 ايام الرجاء حلو هذا المشكله
Negative,الرجاء من القائين علي البرنامج حل مشكله تكرار الاسماء في فايبر كل جهات الاتصال مكرره كل اسم لهو 3 نسخ وغير مكرر علي جهات اتصال الجهاز الرجاء حل المشكله البرنامج اصبح زفت بهذا الصوره
Negative,الفايبر كان زمان لابد من مواكبة التطورات الأخيرة للبرامج الثانية اجعلوه علي اقل سرعة انترنت يعمل جيدا حتي تستقطبوا اكبر قدر من المشاركين
Negative,فعلا الفايبر مش زي الاول وانا بفكر جديا اني اشوف حاجه ثانية النت موجود وكل واحد يتصل بيه لا يوجد رنين وكذلك المتصل يبلغني اني خارج الخدمه حاجه غريبه ومش لاقي حل لاغيته وحملته من جديد ومفيش فايده اعمل ايه حد يقولي ايه اللي حصل للفيبر كان ممتاز
Positive,تقييمي بعد التحديث أصبح أكثر وضوحا للمكالمات العادية اما بالنسبة للمكالمات الفيديو غير جيد
Positive,جید فایبر جید جدا لکن بعد التحدیث لا تظهر ای صور ولا تحمل ای صوره اوفیدیو ولا ترسل ای صوره ارجو التعدیل وحل المشکله لو حد عنده نفس المشکله او عنده حل ارجو المساعده
Positive,السلام وعليكم انا عندي مشكله كل ما اتخيل رقم بدينى خط في الاتصال بليس حلو لي المشكلة دي
Positive,التحديث الأخير سيئ التحديث الأخير بتاريخ 21/7/2016 سيئ ، نرجوا المتابعة والعمل ع تصحيحه
Positive,ممتاز جدا جدا .لكن الصوت بقطع احيانا .يرجى معالجة هذه المشكلة.
Positive,انه رائع نحن نريد المزيد المزيد المزيد المزيد المزيد
Positive,العراق برنامج رووعه لكن ينقصه تسجيل الخروج والدخول لو اضفتوو هل شي بتكونوو فضلتو علينا
Positive,روما / إيطاليا من أجمل مواقع التواصل الإجتماعي عبر الإنترنت بالصوت والصورة والرسائل .
Positive,شكرا السلام وعليكم ورحمة الله وبركاته كل الشكر والتقدير على هذا البرنامج الرائع
Positive,حمص جدة جيد جدا جدا اتمنا الجميع يكون عندو تحياتي لكم
Positive,علي الماجدي الحسيني برنامج رائع ويستحق خمسة نجوم
Positive,فضل باجلاني برامج حلو يستاهل تثبيت تحميله يستاهل 100نجمة
Positive,جيد شكرا لكل القيمين على هذا البرنامج الرائع. كان وضع البرنامج أفضل والصوت كان أوضح سابقا. يبقى ضمن أهم برامج الصوت والصورة رغم التعثر الخفيف الذي ظهر بعد التحديث الأخير. أتمنى كل التوفيق لمطورين هذا البرنامج العالمي.
Positive,هو برنامج جميل كان شغال معايا على الأيفون كويس قوى بس. لما اشتريت تاب وشغلته عليه فتح وإتثبت بس يكتب يوجد مشكله وميشتغلش معايا خالص مكلمات ولا رسايل ولا اى حاجه وحدثته اكتر. من مره يعنى هو ده عيب ايه
Positive,حلو بس ياريت تعملو اشاره انو الشخص عليه مشغول او غير مشغول حتي ما يطر الواحد يعمل اتصال ويكتبلي الشبكه غير متاحه مو مفهوم بيكون الطرف التاني بيكلم او لا
Positive,ممتاز ورائع جدا.. ولقد لاحظت مؤخراً أن الخدمة قد تحسنت كثيراً عن السابق وأنه قد تم التعامل مع كل السلبيات.. وأتمنى الحفاظ على هذا المستوى الرائع
Positive,يعمل جيدا جميع برامج الاتصالات تعتمد على سرعتة الانترنت وبالتالي عند استخدام الفايبر استخدم اتصال 3G لتضمن اتصال ممتاز . ثم عد الى واي فاي للمراسلة.. طبقوا ذلك على جميع برامج الاتصالات الصوتية الا ان كان اتصالك بالواي فاي سريع.. يرجى العلم ان جميع برامج الاتصالات الصوتية (كلها بلا استثناء) لا تعمل في السعودية
Positive,هو كويس بس في حاجه لم بكتب رساله وارسلها تعلق تاخد وقت لحد متوصل لصديقي البدردش معاه معا ان النت قوي جدا فرجاء عمل الازم وتصليح الخطأ وڜكرا
Positive,الرأي البرنامج في غاية الروعة وخدمي جدا ويستحق التقييم الجيد شكرا لكل من ساهم في عمله واضافة اهم ميزة وهي اتصال فيديو الان اصبح فايبر الاول عن كل البرامج…
Positive,تم حل مشاكل البرنامج يا جماعة كل المشاكل تم حلها الان .... بالتوفيق للجميع
Positive,روعة جدا جدا جدا جدا جدا. بس فى مشكلة اننا لما نفتح الكاميرا فيديو بتقفل لوحدها
Positive,عراقية وافتخر البرنامج حلو بس اكو مشكلة انو لمن نتراسل اكتب شي او يرسل شي ممكن حل المشكلة
Positive,ابن،سينا رمضان كريم عليكم ياخواني، عندي مشكله ما يتفعل،فايبر يريد،صدارحديث 2016 الرررررجاء، سؤن تحديث جديد وشكرا على الجميع
Positive,جزائرية وأفتخر ولي مو عاجبو ينتحر رووووعععععععععة صح رمضانكم كل عام وأنتم بخير أكترو الصلاة على النبي
Positive,خمسه نجوم جميل جدا والصوت واضح وقوي بس اوقات في مناطق مختلفه بيبقي ضعيف والصوت مش واضح برجاء. حل هذه المشكله اذا امكن ذلك
Positive,مصر منيل شيحه جيزه بصراحه جميل وصوت نقي بس فيه بعض الاوقات بسمع صوتي بعد ما بتكلم والصوت واطي شويه
Positive,شكرآ يافايبر ممتاز جدآ جدآ جدآ انا عن نفسي اكتفيت بيه وحذفت برامج الاتصال التانيه لأن الفايبر يستحق كل الثقه( شكرآ فريق عمل فايبر)
Positive,واووووووو رائع جدا ولكن بعض الاشخاص لا يمكن الاتصال عليهم بالفيديو كما ان بعض الاحيان يعطي اتصال فقط دون رنين
Positive,اتمنى ان يكون زي زمان مكالمات وفديو وكان التواصل فيه جيد جدا واشكر الذين ساهموا في هذا البرنامج الرائع لخدمة التواصل الاجتماعي..راجيا احترام الخصوصية ..مع تمنياتي لهم بالتوفيق .
Positive,من أحلى البرامج الجميلة التى بتحصل الاحباب ببعض ويا يت يضاف من إمكانية ا سأل فديوهات إلى أحببنا مع شكرى الخاص لكل من ساهم فى هذا البرنامج
Positive,احسن من اي تطبيق تاني احسن من الواتساب بكتير وما فيه اي مشاكل وفي كل مرة ومناسبة متل شهر رمضان والعيد تنضاف ملصقات والعاب جديدة
Positive,هو برنامج جيد حملته خارج السعوديه واعدت تحميله على الرقم السعودي ولكن دائما مشكلة عدم الاتصال لا اعرف السبب
Positive,مصر لما أكلم حد أو أتلقى مكالمة أنا أسمع الطرف الاخر بشكل جيد جدا اما الطرف الآخر تطلع عنده تشويش فظيع ؟ياريت لو في حل للمشكلة دي علمآ أني حذفته ونزلته تاني بس برضه نفس المشكلة وحتى نزلت نسخة أقدم برضه نفس المشكلة
Positive,والله البرنامج صاير زي الزفت وكل اشويه يقول توجد مشكله في الاتصال كان الاول ممتاذ حاليا لا
Positive,من فضلكم قلولي ازي احدث الفيبر للاصدار الاحدث عشان مش راضي يفتح الفيبر مش راضي يفتح بيقول لازم انزل اخر اصدار وانا مش عارف انزله ارجو الحل للمشكله
Positive,عراقي انا برنامج جدا راقي ومفيد لكن للاسف اتصال الفيديو كول ليس بدقة عالية ارجو العمل على تحديثه
Positive,برنامج رائع جدا ولكن توجد مشكله في اتصال الفيديو لا يعمل ع الاجهزه التي تعمل على نظام وندوز فون
Positive,برنامج رائع جدا ولكن توجد مشكله في اتصال الفيديو لا يعمل ع الاجهزه التي تعمل على نظام وندوز فون
Positive,"رائع ,لكن ينقطع أحيانا وربما لو شغلت نمط الطيران عند الإتصال لكان أفضل كما حصل معي."
Positive,سؤال ما الفرق بين تطبيق فايبر هذا 500 مليون مستخدم و تطبيق فايبر الآخر 10 مليون مستخدم ؟؟
Positive,اشكر لكم جهودكم الطيبة على هذا البرنامج الرائع والذي من خﻻله نتمكن من اﻻتصال مع من نريد دون عناء
Positive,العنوان 😍 سهل وخفيف ... بس الملصقات وترتب المحادثات سخيف شويه
Positive,👍 ممكن اعرف لويش من سويتلة تحديث يگولي تم ايقاف الفايبر ودخله3مرات يلا يفتح 😢
Positive,بيمشي الحال جمييييييييييل ولكن يوجد فيه مشاكل مثل انو يتاخر لحتا يبعت الرسائل ويعلق بلمكالمات ويفصل لحالو على مكالمات الفيديو علما انو هيك المشاكل ما عم تصير بس معي عم تصير مع اغلبيت الناس
Positive,اﻻردن ممتاز عاوز احكى منه فيديو مش ظابط لو سمحتو عايز أعرف ازاى وشكرا
Positive,ممتاز بس ياريت تحسين جودة اتصال الفيديو اكتر لأن أحيانا بيفصل اذا شغل الطرفين كاميرا في وقت واحد
Positive,اليمن عندالاتصال باي شخص اسمع الصوت لكن الشخص الاخرلايسمعني ارجوحل هذه المشكله مع تحياتي لكم
Positive,لبنان ممتاز ولكن اوجه فيه مشكله كل اسبوع يجب ان امحيه واعيد تنزيله وهذه مشكله تحصل احيانا كل يوم اويومين فارجو معرفة السبب وانهاء المشكله ﻻنه دائما عندما اطلب فايبر يطلع عندي viber out
Positive,جمال نجدى فى وقت الزروه ووقت اﻻتصﻻت تعبان ﻻكن فى أوقات عدم اﻻتصال الكتير ممتاز
Positive,إندونيسيا بشكل عام جيد، ولكن يحتاج إلى رفع كفاءة الشبكة. شكراً على هذه الخدمه.
Positive,كوبس جدا بس الكﻻم بتاخر احيانا بيكون فيه صدى صوت
Positive,برنامج ممتاز جداجداجدا ..والمكالمات فيه واضحة جدا ونقية وخالية من التشويش ..صراحة شكرا ﻷصحاب البرنامج ..برنامج روووووووعة
Positive,هو أيوة حلو بس المشكلة أن التحديث الأخير في رمز الأمان بارد أوي😡😡😡 عايزني أمسح رمز مشعارف أه وحجات غريبة فمشعارف أشغل الviper أتمني رد سريع علي سؤالي😵😵😵
Positive,جاااااامد جداااا بس المكالمات والفيديو فيهم مشكله برجاء التطوير والتحسين
Positive,فد شي كووولش حلوو روعه ولله بس شيئا واحد من ادخل شخص عنده فايبر مايطلع بسرعه اله وره كم يوم هوه جميل يستحق 5 نجووم
Positive,الكويت جيد ممتاز أفضل برنامج للمكالمات هوافقط يحتاج إلى شبكه نت قويه
Positive,برنامج لايعمل ويقول اتصل بلانترنت والنت شغال لا يساوي سيء ولايعمل
Positive,كاميلا سيلو رائع جدا ولكن بعد الأحد التحديث يقول لي لازم تحديث بس هو رائع 😉😉😉😉😙😙😙😘❤❤❤
Positive,عادي جدا بصير مشاكل كتير اثناء الاتصال لازم يكون افضل. شكرا
Positive,جميل جدا رووووعة بس فيةمشكلة الكاميرا ماتشتغل مكالمةفيديو صوت وصورةيا ريت لو ترجع نفس اول
Positive,ممتاز. جدا حدا وخصوصا لو الشبكة جيدة الصوت واضح جداجدا
Positive,لقد حجب الفايبر الي عندي ماذا أفعل ساعدوني
Positive,H♡B برنامج رائع جدا وصوته نقي وواضح ولكن صوت المكالمات منخفض يرجي العمل علي حل هذه المشكلة وشكرااااا
Positive,رائع جدا جدا. ... مع الشكر والتقدير ..... عفوا بالأمس قمت بعمل التحديث ؟!!!!! تم التحديث مساء 24/2/2016 .؟؟؟ !!!كما تم التحديث صباح 29/2/2016 ؟ !!!كما تم التحديث اليوم 19/4/2016 !!وايضا تم التحديث اليوم 22/4/2016 ؟؟؟.!!كما تم التحديث صباح اليوم 5/5/2016 .!!؟ تم التحديث اليوم 6/6/2016 ؟تم التحديث اليوم2016/6/21 .تم التحديث اليوم 26/7/2016 ؟ مع العلم اني حدثت البرنامج يوم 21 يوم تحديثكم للبرنامج حسب بلاغكم به في ما الجديد !؟ والغريب العجيب أني حدثت البرنامج ولكن لا جديد ؟؟؟؟؟ ارجو الاجابة !!!!!
Positive,الكويت روووووووعه. علي الﻷقل. ليس. قباقي. البرامج. المزعجه😊😉..منيي. خمس نجموم
Positive,ان البرنامج رائع لدرجه الخيال احسن من البرامج التانكو والواتس اب ان برنامج فايبر احسن البرامج
Positive,وحش بابل يخبل برنامج روعه بس الاصلي على كوكل بلي
Positive,بصراحه اكثر من ممتاز.والصوت اكثر من رائع.شكرا لكم على هذا البرنامج الجميل
Positive,"Nawras ماشاءالله عليه ""البرنامج جميل و متحسن افضل من قبل.. أتمنا لكم التوفيق"
Positive,جميل جدا جدا صوت وصورة ممتازة مشكلة واحدة ان الكاميرا بتفصل كل شوية
Negative,تطبيق ضار . لقد قدمت لكم شكواي بالمشكلات الضارة الموجودة فى هذا التطبيق واللتى تجعلة غير فعال و بطيئ و حجم التطبيق المبالغ فية . و اعتمادة على التسويق لتطبيقات و برامج اخرى ليقوم بعملة وهذا غير منطقى و اخيرا تجاهلكم المتعمد و عدم الاهتمام بتعليقات المستخدمين العرب . العجرفة قمة الفشل ....
Negative,فاشل برنامج فاشل و زبالة أنصح بعدم تحميله
Negative,ياريت نرجع مره اخرى للنظام القديم كنت افتح الاميل الخاص بى بالباسوورد.ا لخاص بى شخصيا الطريقه الجديده صعبه جدا...please
Negative,لو سمحتو حد يرد عليا المفروض اول مااكتب حرف بيجيب الايميلات محفوظه لكن دلوقتي لازم اكتب الايميل كامل ايه الحل عشان احفظ الايميلات
Negative,زباله ينعل ابو ده برنامج
Negative,برنامج افشششششششل منه مافي فااااااااشل لاتحملوه بتندمووووو
Negative,انصحكم لاتحملوه لانو يخرب الجوال خرب جوالي
Negative,لبرناممج وسسخ وقليل ادب أعوذ باله وانا نزلته احسبه مثل البي بي ام بس طلع برناممج سخيف ووسخ استغفر الله وعلى فكره تراني بنت
Negative,صارت عندي مشكله قبل اسبوع تقريبا فصل البرنامج ولحد الان مشتغل عندي مسحته
Negative,خااافوا الله استغفر الله العظيم واتوب اليههه برنااامج سخيف وسااامج ولا يوجد به الا قذورات وناااس غير محترررمهه الله يهديهم وانصح بعدممم تحميل البرنااامج خاافوو الله ب خواتكم اي اشبااب الي تراسلون بناات اناس وانجمه بس عشاان ابعت ارسااله فقط وله هو ولا ربع نجمه يستحق لا له الا الله محمد رسوول الله
Negative,تحذييييير ياناس ارجوكم لاتحملوه ولا تدخلوا له.. والله برنامج وسخ.. نصيحة من محب . ارجوكم ابتعدوا عنه .
Negative,بنووته بلادي بصراحه بنات شباب انصحكم لا تنزولو هذا برنامج لانه وسخ وايد .. فيه ناس ابدا مايستحون .. من اخر برنامج زباله .. بس الله يهديكم
Negative,ياجماعة نصيحا من اخ لاأخواته لاحد يحمل هل برنامج اقسم بالله برنامج وسخ فيه ناس بلا أخلاء شوبدو يحكي الواحد بس الله يهديهم
Negative,:-( نصيحه في ناس داخل الدردشه فاسقين كلووووووووش يعني لا تشارك والله احسن من هل المصخره حتى اسمائهم اعوذ بالله منهم الي مسمي اسمه على الجهاز الذكري شو تترجه منه .
Negative,لاحولاولاقوه الاباالله استغفرالله انصح بعدم تنزيله هذاالبرنامج يخرجك عن طاعت الله الحمدالله حذفته من عندي انصح القايمين على البرنامج بحذفه من السوق والله عليكم ذنووب الله يرحمنا
Negative,البرنامج موقف ياجماعه البرنامج خلاص موقف لاحد يتعب نفسه وينزله. صاحب البرنامج اعلن توبته وسحب البرنامج
Positive,لعبه حقن روووووووووووووووووو وو عه تستحق 5 نجوم أنصح الجميع أن يقومو بتثبيت هذه التطبيق بس السيارات سعره غاليه 🌠🌠✨✨⭐🌟🌟🌟
Negative,العبة مقرفة ما بنصح بتحميلها
Positive,رائعة جميلة مذهلة شكرا علي هذا البرنامج تستحق اكثر من 5 نجوم
Positive,بل الف نجمه ع هالعبه انصح كل من يحب الدقه والسرعه بالتحميل خذوها من مجرب ..على الفيس ABDALLAH MAAD زوروني وشكرا
Positive,عاديه حلوه بس لو بيه طرق احدث واكثر من واحد تصير احلى بكتير
Positive,ممتاز لعبة راااائعة جدا ... الجزء الثاني منها قيمته 3نجوم اما هذه رااائعة وتستحق خمس نجوم
Negative,يعني راحت فلوسي ؟ أشتريت فلوس داخل اللعبة ب 38 ريال والنهاية ماجاني ولا شيء ولو اقدر احط حسابي احسن لان ضروري تعرفون ان اللي يحذف اللعبة بيروح عليه كل شيء اشتراه حتى الفلوس اللي دفعها داخل اللعبة ف اتمنى من الشركة الغبية هذي تحط تسجيل الدخول عبر حساب معين مثل القوقل او انشاء حساب من نفس اللعبة او تسجيل الدخول عبر الفيسبوك او تويتر .. الخ 😐
Negative,دفعت 28 دولار مرة الأولى ولم احصل على شيء ثم جربت مرة ثانية 28 دولار ولا مجيب ... أريد حل ولا هذا برنامج نصب أو أنه في خلل
Negative,ياولاد العرص اللعبة مش بتحفظ التقدم احا اتحذفت ونزلتها تاني رجعت من الاول
Negative,اللعبه أول شي ما فتحت عندي ، تلفوني جلكسي نوت 4 ، اشتريتها من متجر بلاي وحاولت اني افتحها بس يطلع لي مستطيل لونه رصاصي ، إذا حاولتوا تفتحون اللعبه وشفتوا المستطيل يطلع لكم اضغطوا عليه مرتين ورا بعض بتطلع لكم كلمة downloud وخلوها لين تتحمل ، وبتفتح عندكم ان شاء الله.
Positive,شكراً لعبه جميله والسعر رخيص جدا ب 0.99ريال سعودي
Positive,روووووووووووووعة تستاهل الشراء
Positive,Good Game شكرآ جزيلا على صناعة اللعبة الجميلة هذا جهد كبير للأجهزة الإلكترونية الهواتف والبلايستيشن الترفيهي كذلك المال لن يذهب عبثا لهذه اللعبة وهي بالكاد تستحق تقيمي هذا ...
Negative,مو راضية تتصل بالشبكة في سيارات بتبقى غير متاح شرائها بسبب هالموضوع لما كنت منزلها نسخة مسروقه كانت افضل هع غريب والله
Negative,Good لعبة need for speed no limit لي ماتتوافق مع جوالي اول مانزلت حملتها وبعدين يقول لاتتواق مع جهازك اتمنا الرد رجأن
Negative,لا يكمل التحميل يتوقف التحميل عند 35% ارجو حل المشكلة.
Negative,حسبي الله عليهم حرامية .اشتريت اللعبة ومابتشتغل
Negative,عيب اللعبه عيب اللعبه انك ما تقدر تظبط شكل السيارة و تزويد التوربو،،،
Negative,السعر غالي شوي عليها وتطول في تحميل الداتا
Negative,عيت تشتغل وش السالفه
Negative,ماتشغل مدري شسبب ؟ تشغل اللعبه على كيفها مرات و مرات ﻻ ؟؟
Negative,جازان أرجوكم إضافة اللغة العربية
Negative,حسبي الله زفتة حسبي الله اشتريتها وفي الاخر مااشتغلت
Negative,6 مراحل مجانيه والباقي تدفع عشانه نصيحه لا تشتري قسم بالله تندم .. مراحل بسيطه وبعدها راح تدفع مبالغ كبيره عشان تلعب كل مرحله قادمه ..
Negative,المقدمه (انا دافع فلوس وي لو تكرمتو ترجعون ولوريال1لانه صراحتن العبه ما تستاهل نص ريال) عدلو ياخي ولله انا غاسل يدي منكم من يوم جبتو التحديث الزباله ذا اول مكان مكان فيه حاجه اسمها المساحه وما مساحه كانت العبه عاديه إلى ان عدلتو فيها وسرتو حراميه الان انا دفعلكم فلوس بس العبه ما استفدت منها الحل الوحيد-1 اما انكم ترجعون فلوسي -2 اما انكم ترجعون التحديث القديم الي ماله علاقه بل مساحه ----- (واتمنا انياتي الرد في اقرب وقت هذا الكلام لمن يهمه الامر) (وشكرا)
Negative,ابغى استرجع فلوسي كيف استرجع أموالي ارجو المساعدة
Negative,لعبه يجيبون حلوه في الإعلان لكنها والله زفت اول ماتبدا يجي لك كلام انجليزي وماتشتغل أنصحكم اشترو بفلوسكم حاجه حلوه ولاتخسروها في أشياء تافه
Negative,ح والله اللعية ابو كلب كل ما ادخل يقول تم ايقاف اللعبة
Negative,والله أبو كلب ما يشتغل كل ما ادخل يطلع من العبة يقول تم إيقاف العبة أرجو المساعدة
Negative,مايشتغل يجيني كلام انجليزي تكفون علموني
Negative,سيء للغايه الجرافيك سيء ولا يوجد تحكم بالكاميرا ...لعبة Real Racing3 المجانيه افضل بكثير.
Negative,ما تشتغل ماتشتغل اللعبه على نظام كت كات
Negative,ﻻيمكن التثبيت تم شراء اللعبة ولكن ﻻيمكن التثبيت
Negative,للي باقي ماشراها نصيحة لا تشتريها اشتري لعبة Asphalt 8 التحكم اسهل واسر واللعبة حجمها كبير يدل على انو في مراحل كثييير اما need for Speed خفيفة والتحكم غبي وهي ب 24 ريال اما asphalt 8 ب 4 ريال فقط فكر فيها وشوف فديوهات باليوتيوب وقرر والناس اذواق
Negative,كل مااحمل اللعبه يجي رسالة خطا حزمة الملف غير صالحه حراميه هدول ارجوا المساعده في كيفية التثبيت
Negative,ارجوا المساعده ثبتها ولم افتح اللعبه يجي تحميل ورافض يتحرك ساعدونا
Negative,اللعبه لاتتوافق لايتوافق البرنامج مع هاتف LG G3 !!!!
Negative,للأسف الحلو ما يكمل اللعبه حلوه وممتعه بس المشكلة في التحديث الأخير صارت ما تفتح، ارسلت لهم وردو يقولون إنهم راح يرسلون تحديث جديد والكلام هذا له أكثر من أسبوعين وحتى الآن ما استلمت منهم شيء
Negative,لم تعجبني لماذا تطلب اللعبة السماح لها لدخول علا جهات الاتصال و بطاقة الذاكرة و الموقع وعلا شبكة الجهاز اللاسلكية والبيانات الشخصية وكذلك الصور ومقاطع الفيديو لا انصح بتحميلها
Negative,تعلق تعلق و تفصل لحالها و لما ارجع شعلها كل المراحل الي لعبتها بتطير
Negative,لابئس بها لا انصح بتحميلها
Negative,لعبه فاشلة اتمنى لاحد يحملة لانها مش شغاله مش شغاله الله يلعنكم
Negative,أسوأ لعبه شفته في حياتي
Negative,الله لا يوفقهم اخذو علي الفلوس
Negative,انا شرية العبه و ما اشتغلة
Negative,لاتعمل بشكل جيد بعد السباق تتوقف اللعبة بشكل مفاجيء
Negative,لا حد يحميل لعبة ماتشتغل لا حد يحميل لعبة ماتشتغل
Negative,رح اتصل على الشرطة
Negative,بعد التحدث الاخير اصبح ﻻ يستجيب
Negative,مو زين فيه برامج مجانيه احسن منه
Positive,روعه من افضل برامج التصوير فيه تصوير الماكرو وتقدر تحويل الكامره لوضع الصامت واكثر برامج فيه فلاتر صراحه انصحك انكم تحملونه
Positive,جيد اعطيه 4 من خمسه
Positive,مجنووون انصحكم.فيييييه مرررررره قاااادح
Positive,حلو ممتاز جدا وانصح الجميع بتحميله يستاهل اكثر من خمس نجوم
Positive,جميل جدا توي نزلته أكثر من رائع بصراحة
Positive,رائع يستحق 5نجوم
Positive,رائع جدا بصراحة حلو كتييير
Positive,كاميرا إحترافية كله في جوال ذكي تستاهل 5 ريال أنصح الجميع لمن يحب التصوير تجربتها بها جميع خيارات التصوير الإحترافي الي في كاميرا كانون. تحكم بالضوء وفتحة العدسة والكثير من الإمكانيات إكتشفوها أنتم
Positive,حلو جميل
Positive,رائع جدا بصراحة حلو كتييير
Positive,ممتاز برنامج رائع ... بس لو يزيدون الفﻻتر ويحطون أشكال بيطلع ... توب ...
Positive,تطبيق جميل جدا لاتوجد كلمات تصف .. اول برنامج يعجبني ✌
Negative,المحترف سلام عليكم ورحمه الله وبركاتو بس اكو مشكله في لعبه وهي الحضر الداءم اليش يحضرون حسابات الناس بدون سبب واني واحد منهم يجوز التقدم السريع عبلهم مهكر او مستخدم ادات التسريع التقدم لا ماكو هيج شي ارجو من الشركه رجاع حسابي انا نحضرت اكثر من مره وسلام عليكم
Negative,هكر اللعبه اول ما فتحتها قال لي هل تقبل بالوصول الى الصور والوسائط والمعلومات على جهازك طبعا لا اوافق وبعد عدم الموافقه يخرجني من اللعبه يعني يا اما اقبل بانه يتلصصون على صوري ومعلوماتي يا اما تخرج يعني لو العب لو اخرب الملعب وعمى بعينكم على هالشرط الغبي
Negative,كانت روعة بعد التحديث الجديد كل ما تفتحها تطلع بره اللعبة خالص او كل ما ادوس على ابدا السباق تخرج ما بعرف ليش يا ريت تصليح المشكلة
Negative,التحديث الجديد مع منافسات جولة جديدة لا تعمل enduro التحديث الأخير بعدما قمت بالتحميل كان هناك منافسة جديدة enduro و قد قمت باللعب في أول يوم بعد ذلك لم أستطع أن أنافس فيها فعندما ألمس الأيقونة للمنافسة اللعبة لا تعمل و تؤدي للخروج من اللعبة بشكل عام أما باقي اللعبة و المنافسات الأسبوعية تعمل بشكل متوسط حيث أنها تقف أجزاء من الثانية أو ثانية...! أرجو الإفادة و لكم جزيل الشكر على تفهمكم
Negative,اللعبه كانت اكثر من رائعه ولكن بعد التحديث الي كل تحمل لحالها فكره سيئه وبعدين ليش ماتتنزل على بطاقة SD وانا من اكثر المعجبين بهذي اللعبه ولا في لعبه في الجوال تنافس هاذي اللعبه
Negative,لعبه جميله لكن الحجم كبير قللو الحجم حملتها وبعدين حذفتها لن الحجم الكبير يوتر😭😔😫😳😨😨 خوف ربكم
Negative,هذا الاصدار سيئ جدا جدا وثقيل وهناك سباق enduro لعبته مره واحده وبعد ذالك عندما افتحها مره اخرها يخرج من العبه نهائي وهكذا اكثر من مره نرجو التعديل حدائق القبه
Negative,اكره ذلك توجد توقفات باللعبه دون مبرر .. وحين العودة يلغى السباق او المرحله التي كنت فيها .. نرجو المتابعه وتحسين اللعبة عاجلاً
Negative,انا مسحت اللعبة لانكم ماستمعتو لشكوتي اشعروني بعد اصلاح الخلل ياجماعة بعد اخر تحديث صارت اللعبة تعلق وتصنيف اثناء القيادة تلف يمين بدون امر
Negative,ضيفو المرايا الوسط لمشاهدة السيارة القادمة من الخلف للتجاوز واللعبة كتير حضارية ورائعة. التحديث الجديد يحدث خروج دون امر
Negative,التحديث الاخير صار زباله العبه تطلع من نفسها واعلانات كثير وش هذا لزم حل لهذه المشكل وشكر وكل سنه ونتم طيبين
Negative,اول اللعبه كانت روعه والحين صارت ماصخه حتى التحكم صار معكوس والسيارة بدل ماتمشي يمين تروح يسار ياريت ينزل تحديث عشان تنحل مشكلة التحكم وياريت فالتحديث تنزل كامل اللعبه لأنها على كل مرحلة تحتاج تحميل للسباق
Negative,السلام عليكم شباب اني عندي مشكله انو اول ما تدخل علعبه يطلب تحميل ويحمل شوي ويوقف التحميل ارجو من الشركه ان تصلح هذا الخلل
Negative,تحديث زباله 😘 ولو عاوين عود يعارفون يحدثون ويييع شباب ياهو وياي بهاذ الجواب. شباب نزلو غيرهه اكو بعد ثنين
Negative,ابو راشد التحديث الجديد وربي مايستاهل ولا نجمه مايشتغل بلمره ارجوكم تحلو المشكله بأسرع وقت ليه خربتوها بتحديث الجديد
Negative,لا يعمل التحديث الجديد لا يعمل.يرجى العمل على حل المشكلةلا تزال المشكلة قائمة وهي الخروج من اللعبة عند الضغط على بدء اللعب
Negative,انا اردني كس امه اللي صمم اللعبه تحتاج ملفات اضافيه ٣٨٥ ميجا بايت كس امكو ولاد عاهره زانيه شرموطه منيوكه كسسسسسس امممممكككككممممم
Negative,كل ما أدخل على الأبحاث والتطوير ما تشتغل عندي لعبه كانت حلوه بعد التحديث صارت سيئه ، أدخل على الأبحاث والتطوير تطلع من وحدهة
Negative,ياريت المشكلة تتحل نفس الشئ الأبحاث والتطوير كل ما ادخل أخرج من اللعبة على طول نرجه الحل
Negative,لكن السيارات تحتاج إلي مال كثير وأنا بلعبها في الليل والنهار ولا أستطيع أن أشتري سيارة من الفئة s
Negative,شباب شني صار شو طلب مني تحديث وحجمه 900mp وراحت اللعبه خره بيهم خربو اللعبه
Negative,؟؟؟ اللعبه اول ما فتحتها قال اعيد التنزيل لانه كان مشكله في الشبكه ولا في شي ردو بليز
Negative,ليش! ليش! ليش خربتو اللعبه حرام عليكم كانت احلى وافضل بالتحديث القديم بالله رجعوها للتحديث القديم واهتمو بتعليقات المجربين ( :
Negative,التحديث الأخير سيئ جدا جدا يعلق ويسكر خربتوها بهذا التحديث الفاشل الرجاء حل المشكلة بأسرع وقت
Negative,ازاي بعدماتنزل وتشتغل تاني يوم يطلب تنزيل من الاول حد يعرف حلها ايه ده نصب
Negative,اخس لعبة صارت مررره زفت ثلث نجمة حرام فيها بس عشان أعلق 😠😠
Negative,خرا لعبه فاشله والا صنعها حمار ونصاب بعد ما تنزلها بطلب تنزيل مره الاخرى
Negative,التحديث الاخير فاشل ماتفتح اللعبة اصلا ارجو حل هذه المشكلة
Negative,الاصدار الجديد هناك مشكلة بالفعاليات الجديده ﻻتفتح ارجوا اصلاح المشكلة
Negative,اللعبة تتوقف عند فتح فعالية اندورو الرجاء إصلاح الخطا
Negative,مصر اللعبه من اخر تحديث وهيا زي الزفت كل ما افتح مرحله يطلب تنزيل ملف ويقعد بالساعه وفالاخر عايز تحديث تاني
Negative,لعبة يبغاني احذف وسائط ويبغاني احملها من جديد ابو كلب بالعربي
Negative,كانت لعبة حلوة وبعد التحديث بيقولى نزل ٤٠٠ ميجا ومش بتكمل اللعبة باظة
Negative,تم الحذف .. سيئة جدا .. يا ريت يرجع نفس التحديث الاول
Negative,كلب كس أمك مساحتها قد طيزك ليش يا أخو الشرموطه
Negative,لا انصح احد بتنزيل هذا التطبيق لانه مبني علي الاحتيال لايستحق حتي نجمه واحده
Negative,عندما ادخل الى اللعبه يطلب العمر ولكن لا ارى اي حقل لكي اكب في العمر . هل لهذا حل ؟
Negative,انا عندى مشكلة فى البحث والتطوير كل ماجة اخوش تتألف ويجب تم آقاف
Negative,في مشاكل العبه تعلق ايقونة الرجوع تأخذ الشاشه كامله التحديث السابق افضل فبعطيه ثلاث نجوم
Negative,Egypt اللعبه كانت اكثر من روعه بعد التحديث صارت عم تسكر لوحدها ايش هاذ😡😡
Negative,التحميل الي أول ماتحمل اللعبة 959 قيقا كثير ليه هذا أتمنى تحلون المشكلة
Negative,اللعبه عندي ما بتشتغل الا بتحديد عمرك ومش عارف كيف احدد عمري ارجو المساعده بتحديد العمر عمري 19
Negative,كل سباق يريد تنزيل بينات خلص النترنت يازلمة ارجو تصليحواعطي 5 نجم
Negative,بدي حل مشكلة بيقولي ادخل عمرك وامافي مكان لادخل عمري شو لحل
Negative,القطع صعب الحصول عليها غير بالفعاليات وسيارات القطع سعرها غالي وايد
Negative,حجم الملفات المرتبطة كبير جدا مما يؤدي الى بطئ في الجهاز
Negative,بتقطع ولا استطيع التحكم بها
Negative,المشكله حاجه وحده انكك تحمل حاجات كثيره ليه ما تخلون تحميلها مع اللعبه...؟
Negative,التحديث فاشل ويعلق وصل السياره بطيئه
Negative,مشكله و ارجو الرد التحميل للسباقات مابيحملش و يقولي انو بيتحمل ارجو الرد بالحل
Negative,أسوأ لعبة في الكرة الأرضية العالمية حرام والله والله حرام ليه ياخ ؟!
Negative,العبة تطلب مسح التطبيقات مسحت كل شي وحتى العبة الي ادمنت عليه لايييش وبعده يقول نفس الشي ترجو الررىد بسرعة😭😭😭😭😭😭😭😭😫😫😭😫😫
Negative,التحديثات التحديثات اللي خلت ان لازم نحمل البيوت من داخل اللعبة الاول كان بس تنزل اللعبة وتعيش لكن دلوقتي لازم البيت اللي تحب تلعبه تحمله
Negative,بعد التحديث أصبحت اللعبة سيئة جدآ أرجو الإصلاح
Negative,سيء الفعاليه الجديده لا استطيع الدخول اليها مجددا
Negative,اكرها جدا وجدا وجدا الان اللعبة خراء دائما بها حظر لما دائما تحظروني يا كس يامناويج
Negative,مشكل في التحميل تتحمل كامله وبعدين بيقلي انو فشل في التحميل
Negative,معلقة جهازي معلقة عليها مرة أجهزة الأندرويد غبية مرررررررة
Negative,اتمنى تحلون مشكلة كل ما ادخل يطلعني برا
Negative,انا عندي ماتشتغل ابد ليش وشفيها
Negative,لعبة زبالة مو بتفتح والنت سريع جدا مبتستاهل نجمة واحدة
Negative,الرجاء التعديل حنى صبرنا بما فيه الكفايه مانبي نسبكم 1-تقليل مبالغ السيارات وليس وضع عرض لمده 3 ايام وهو بنسبه25% - الرجاء تقليل السعر مثلا 4 مليون وضعها 3 مليون او 2مليون 700الف \ 2-الرجاء ازاله تنزيل بيانات حلبات السباق انا اول ماحذفت اللعبه لانه كانت عندي مشكله التعليق ورجعتها رجع كل شي الا الحلبات قالي نزلها كلها تخيلو 97 حلبه نزلتها وبس اكتملت 7 في 5 ايام. {واذا تبون تقولون ان النت ضعيف تعال جده وتكلم}
Negative,لنبتيم العبه اول ما اشغلها يقولي تحميل لما اقول لا يطلعني برا العبه العبه مرا زباله ومخيسه
Negative,يا جماعه ارجو جواب الجهاز اللي معي not 5 والجرافيك يعلق لما افتح العبه شو السبب
Negative,عم تعلق وما بتفتح واذا فتحت بنص الشاشة بس
Negative,نصب يلعب علا ناس حمار كلاب
Negative,دي زبالة انصحكم الا تنزلوها
Negative,اكره ام اللعبه اللعبه زفت زى امك
Negative,دي زبالة انصحكم الا تنزلوها
Negative,ابو حمص شومشان اختكن واخت تحديثات ماضل زاكرة بالجوال
Negative,الاسعار كتير غاليه لو سمحتم شباب الكل يتكلم عن الاسعار
Negative,التحديث الجديد فى التطويرات بيخرجنى برا اللعبة
Negative,صعبة لا تستطيع شراء السيارات
Negative,عيت ماتشتغل عندي ابي حل
Negative,العبة لسة محمله نش عاوزة تشتغل ياريت تشوفو حل للمشكلة
Negative,التحديث الجديد بطلت تشتغل اللعبه فااااااااشل
Negative,سيئ انصح بعدم تنزيله
Negative,طلعت روحي واناء احملهاء
Negative,بالبيت لعبه زباله يخرره
Negative,لعبة خرط في خرط ماتستاهل النجمة
Negative,اللعبة شي بس مشكلتها تاخد مساحة كبيرة في الجوالّ
Positive,بصراحة العبة مرة حمااااااااااااااس واحلى سيارات لعبتها بالجوال حست كأني العب على بلاي ستيشن بس عندي اقتراح وأتمنى تسوه انو الوحد يقدر يبيع السيارات إلي مالها داعي ويشتري سيارات غيرها راح يكون حمااااااااااااااس أكثر وشكراً
Positive,اللعبة رائعة ال صراحة اللعبة جامدة بس فية مشكلة ان مضامير السباق لازمه تنزيل ملفات و مساحتهم كبييييييييرة جدا ارجو انكم تنزلو هاى التحميلات بتاعة المضامير فى التحديث القادم جاهزة لأننا نتعب و الله من التحميلات المتقطعة للمضامير كلها و ا نا راح اعطيك 5 نجوم حينها مع أطيب امنياتى بالنجاح المتواصل😊
Positive,لعبة جدا جميلة ومسلية ومصممة بأسلوب راقي إضافة الی سهولة الحصول على الأموال لشراء السيارات عن طريق الفوز بالسباقات.اتمنى ان تضيفوا إلى اللعبة سيارات تويوتا مثلا شاحنة تويوتا تندرا وتويوتا تاكوما وهايلكس وسيارات جيب وسيارات جي أم سي
Positive,لعبة جدا جميلة ومسلية ومصممة بأسلوب راقي إضافة الی سهولة الحصول على الأموال لشراء السيارات عن طريق الفوز بالسباقات.اتمنى ان تضيفوا إلى اللعبة سيارات تويوتا مثلا شاحنة تويوتا تندرا وتويوتا تاكوما وهايلكس وسيارات جيب وسيارات جي أم سي
Positive,مصر الصراحة اللعبة روووعة روووعة حقا وإذا لم تنزيلها تكون خاسر كتيير روووعة روووعة روووعة افضل سيارات ومركبات وجرافيكس رائع وسريعة ولعبة ممتعة شكرا يا جيم لوفت تستحق اكثر من مائة نجمة
Positive,لعبة رائعه وصرت خاتمها ثلاث مرات والجرافيك رائع والتحكم رائع والي بيحكي التحكم ضعيف اصلا بتقدر تتحكم فيه من الاعدادات
Positive,😀😀😍😍😍 السيارات والله مجنونة!! حتى اقدر اكسر سيارة التاني!
Positive,فد شي راقي لعبه راقي وتستاهل اكثر من 5 نجوم بس عيبها اكو مراحل ماتنفتح اله ع النت
Positive,العبة جميلة جمال كانهم جايبين لعبة ريال دريفت مع لعبة سباق حطوها في الخلاط وخلطوها
Positive,نعم تم حل بعض مشاكل العبه ممتازه
Positive,اللعبة جااااااااامدة! بصراحة اللعبة مفيش زيها ابدا ومش هتلاقو زيها ابدا حملوها ومش هتندموا وشكرا😉
Positive,والله ان العبه حلوه كثير انصحكم اتنزلوه يا شباب او صبايا
Positive,أفضل لعبة سيارات، مسلية ممتعة دقة رائعة، جزاكم الله خير على هذا الابداع.
Positive,روعه روعه انصحكم تحملوها الي يقول ان اللعبه تعلق شوف جهازك يا حبيبي اللعبة ما فيها شي
Positive,هذه افضل لعبة سباق لعبتها في حياتي 😀
Positive,اللعبة مدهشة جداً روعة في الإبداع والتصوير التلغرافي وبصورة HD نتمنى لشركتكم كل التوفيق
Positive,ممتازه من الصعب وصف مدي روعتها
Positive,للعبة روعة والي بيقول عليه معفنه يبقي هو عندك الجهاز ضعيفة
Positive,لم اجد ما هي افضل من هاذه اللعبة كرا على اللعبة الرائعة
Negative,المشكله يضيف ناس من عنده ليش هالمسخره طيب يااخي انا عندي ناس مااريد اضيفهم هي قوه الشغله..كل شوي جايتني رساله اضافك بحسب رقم الهاتف واسأل الشخص جنبي يقلي مااضفتك انا هم اجاتني رساله نفسك..غلط غلط غلط هالشي ولوسمحتو خلو الاضافه كيفيه مواجباريه ماحنا ع كيفكم انتو
Negative,البرنامج اصبح سيئ جدا لا يوجد صوت وفى بعض الاحيان فى المكالمه يسمعك الطرف التانى اما انت لا تسمعه والمكالمه ما بتستمر اكتر من 30 ثانيه ويكتب على الشاشه توجد مشكله فى الميكرفون عليك الاعاده مره اخرى جارى المسح.........
Negative,فااااااااشل اكتب رقمك نكتب سنرسل الكود ولا رساله ولا هم يحزنون. فاشششششششل لذالك الغيت تثبيته والسلام جاب لي وجع القلب سجل عبر الفيس سجلنا كلام فاضي
Negative,البرنامج سيئ اولا عند انتهاء الاتصال اذا ما في رد من الطرف الثاني صوت انتهاء الاتصال سيئ ومزعج معقول ما في افضل من النغمة وكذلك لا يمكن عرض ملف التعريف للمضافين وهذا اسوء شيئ موجود
Negative,سيء كان كويس وبعدين صار يعطيني الاتصال غير مستقر ويفتح الخط ونسمع الكلام مقطع وينقطع الاتصال رغم ان النت كويس واتاكد واتصل ببرنامج تاني ويتصل طبيعي ارجع لللاين يعمل نفس المشكلة
Negative,فاشل بعد التحديث يلعن امه برنامج خايس بعد التحديث رجع بطيئ والمكالمه ماهي بواضحه والرسائل توصل لعندي لاكن اذا جيت ارسل ما يرضي يرسل
Negative,"لالا ليه ما عم يشتغل اسجل رقمي ويظل يكتب ""يتم التسجيل"" وبعدها يكتب تعذر فيدوني يا اسرة البرنامج"
Negative,التحديث الاخير البرنامج كان الاول جيدا ولكن اصبح بعد التحديث لا يعمل اي اتصال ولا يصدر او نتلقى صوت من الطرف الاخر
Negative,بقي تعبان معتش زي الاول انا اسمع المتصل وهو لا او العكس وديما الاتصال غير مستقر
Negative,بطيئ جدا حيث تظهر رسائل بفشل اتصال الشبكه او غير ذلك نرجو من مطوري البرنامج الإسراع في حل هذه الإشكاليات التي تسوءسمعه البرنامج
Negative,برنامج سيء ماقصر واتس اب اهو العم بدون مشاكل ومجاني.سيتم المسح.
Negative,جميل كويس بس المكرفون هو الي قالقني اظن.. كل شوي الا يجيني خطا ب المكريفون اعيد اتشغيل الجهاز 😤😡
Negative,فاااشل التحديث الجديد جاري البحث عن برنامج بديل سيئ كان اول فيه رسائل مخفيه التحديث الجديد فااااااشل ولا يستاهل ولا نجمه
Negative,خطوة إلى الوراء البرنامج في السابق كان ممتازا، الآن وبعد التحديث الأخير أصبحت المكالمة خرساء من الطرفين!!
Negative,القاهرة ادخل البريد ومزيدا معاي يقول البريد خاطيء لمن شكلت في نفسي قلت جانب مرض الذهايمر
Negative,اصبح فاشل محدش سامع اى طرف من الاتنين بعد التحديث الاخير نرجو الاصلاح
Negative,الصوت وحش جدا والمحادثات الرسايل المخفى مش شغالة يا ريت نعرف السبب
Negative,بطيء وغير واضح. ماسنجر الفيس بوك كان أفضل برنامج. ولكن للأسف تم حجبه
Negative,بعد التحديث ماعاد في قفل مخفي للكتابه رجعوا بليز لانه تفضح الدردشه
Negative,لما بعمل مكالمه فيديو الشخص التاني يشوفني ويسمعني وانا مش بشوفه ولا بسمعه للعلم بس النت عندي عباره عن واي فاي بسرعه ١ ميجا والموبايل نوعه هاواوي y5
Negative,دائما اكتب رقم التليفون ويعطينى الرقم خاطئ شركات اﻹتصال شكله النت خسره فقالت نقرف الناس منه بس وحده وحده
Negative,سؤال وش الحل معا سالفة الميكرفون اي مكالمة ما تتعداء 5 ثواني يقفل ويقول خطا الميكرفون 119 وش الحل
Negative,التحديث الاخير ابوكلب خطاء في التحديث ززززفت ولايوجد صوت نهائيا
Negative,الاتصال في هذا البرنامج ضعيف جدا مكالمة صوتية ضعيفة في بعض الأحيان ولو اتكلمت فديو تنقطع المكالمة بشكل مستمر
Negative,اول كان ممتاز لكن حاليا يطلع مشكله في الاتصال والمكرفون ياليت تفيدوننا
Negative,البرنامج بقا زفت الأول كان روعه يستاهل نجمة واحدة لحين اصلاحه
Negative,التطبيق سئ جدا جدا جدا للغاية في مكالمات الفيديو من حيث الصوت والصورة . برجاء التعديل أو العودة إلى النسخه اﻷصلييه
Negative,بصراح كان الاول حلو لكن الحين زفت زفت بيعلق كتير الصوت بيقطع ياريت ترجعو مثل ما كان
Negative,البرنامج بقي زفت يا ولاد الوسخه خلوه زي اول
Negative,اصبح سئ جدا اصبح سئ جدا وخاصة مع مكالمات السعودية
Negative,كان كويس دلوقتي زي الزفت لا صوط ولا صوره فاشل فاشل
Negative,البرنامج كان الاول ممتاز الوقت اصصبح زباله ياريت تطوروه شوي
Negative,برجاء تعديل التحديث الاتصال اصبح سيئ جداً جداً
Negative,برنامج وحش اوى ع فكرا
Negative,لو سمحتو الصوت ما يشتغل رجاء إصلاح هذا الوضع
Negative,زباله زبااااااااااااااااااله هاذا التحديث جزمه أنصح بعدم تحديثه
Negative,البرنامج مش مستجيب للاتصال احب اعرف السبب
Negative,سي جدا لازم يكون في متصل الان واخر ظهور
Negative,البرنامج لا يفتح اتصال عندما يتصل الطرف الآخر
Negative,ميستهلش ربع نجمة
Negative,بعد التحديث اصبح سئ للغايه الاول كان شغال ممتاز ولا فيه اي مشكله لكن الان الاتصال لا يعمل بالمره. دايما الاتصال غير مستقر ولا فيه صوت اصلا ارجو حل المشكله باسرع وقت
Negative,انا كل ما ابحث عن حد برقم الهاتف ف دوله تانيه والرقم بيكون صح ويقولي لم يتم العثور علي المستخدم ياريت البرنامج يتطور وتشوفو المشكله دي
Negative,اسوا شي بالتحديث الغاء المحادثات المخفيه البرنامج هيك فقد الميزه الوحيده فيه قبل كان 5 نجوم هلا يادوب نجمه
Negative,فعلا البرنامج الأول كان روعه ف الاتصال والفيديو لكن حاليا بقي برنامج زباله بجد مفيش اتصال ولا في صوت ولا أي حاجه
Negative,الأول كان ميه ميه دلوقتي أصبح أوحش برنامج التحديث الأخير زبااااااالة نجمة واحدة يكتب( أكره ذلك ) هههه نعم إذا كان كدة أكرهه بشدة
Negative,ليه لغيتوا المحادثه المخفيه ياريت ترجعوها تانى البرنامج قبل التحديث كان روعه بعده اصبح زباله ياريت ترجعوه زى الاول
Negative,ليش فجاه ماعد يشتغل عندي كل ماتصل مايرضا بجد البرنامج رجع زبالة
Negative,الله يهديكم خساره البرنامج هذا عاد زباله بالصوت والاتصال. اسف
Negative,الصوت بقي وحش جدا بعد ما كان افضل البرامج المفضلة لدي
Negative,الف خسارة عالبرنامج بعد التحديث صار سيء جدا جدا جدا جدا في اﻻتصاﻻت الصوت والفيديو
Negative,زفت زفت زفتزفت زفززززززززززززززززززژززف كلو بقا مشكله لا فديو ولا اتصال
Negative,الصوت صار سيء وبالاتصال ضعيف والغاء المحادثات الخفية سيء
Negative,جوده الاتصال سيئه جدا مقارنه بالاسكاى بى
Negative,البرنامج لا يعمل لا يوجد صوت ولا فيديو البرنامج بعد التحديث بقى سئ جدآ
Negative,الان سئ جدا بل لابعمل اطلاقا اكثر من سئ
Negative,مشاكل كثير مايغلق من نفسه وتاتي اتصالات لاتظهر عندي ومشاكل متعدده
Negative,صار زفت لم اتصل ع احد لا اسمع صوتو ولا حتي هوه
Negative,اي كلام صار احنا نبغا اتصال سريع وخفيف بعد هذه التحديثات صار الاتصاله به صعب حتى مع نت قوي وتجهنا الى تطبيقات اخرى اذا لم تتم اصلاح هذه المشكله يبدو اننا سنحذفه لانه ليس له فايده ركزوا على ان يكون الاتصال سهل وسريع .
Negative,ليش وقفو الاتصال ليش خسارة والله كان احﻻ برنامج
Negative,بجد الاول كان ممتاز هسه اصبح خربان مايستحق الا نجمه
Negative,بعد التحديث بقى وحش جدا
Negative,اتصال سيء لابعد ما يكون سيء جدا
Negative,المحادثات المخفية المحادثات المخفية الخاصية دي اتلغت ليه ممكن حد يفهمني
Negative,مش كويس والصوت بيقطع برنامج زباله
Negative,زفت اسوأ برنامج الحين
Negative,البرنامج على الشبكه اذا تبي تدقين يعلق وذا كان ماعندج شبكه مايمديج تكلمين
Negative,مش خلو خالص الاول كان جميل
Negative,ليه بعد التحديث مبقتش اسمع اى حدولاحديسمعنى ف المكالمات
Negative,الاتصال حاليا مش كويس خالص
Negative,صار فاشل جدا برنامج
Negative,محتاج شبكه قوية جدا الأول كان افضل
Negative,اكثر برنامج ينزل تحديثات... كل يومين تحديث جديد
Negative,برنامج زباله جدا
Negative,يعلق يعلق بعلق
Negative,يعللق كثير
Negative,الصوت بيقطع
Negative,سيئ جدا كان احسن برنامج.عاوز اعرف الشخص عنده نت ام لاء الاتصال غير مستقر.كان الاول ممتاز جدا.ارجو تحديث جديد سار تعبان
Negative,هو اصلا مش بيستاهل حتي نصف نجمه وآخر تحديث زباله ليه كده حرام عليكوا والله علشان هو البرنامج الوحيد اللي بعرف أتكلم من عليه بس ياريت يرجع زاي الأول
Negative,بلي حر ودمي مر اوصخ برنامج مكالمات صوتيه شفته في حياتي عمري ما سويت منه مكالمه اﻻ ويقول لي اﻻتصال غير مستقر لما عقد الواحد في برامج اﻻتصال كلها وصخ وصخ وصخ
Negative,ياجماعة البرنامج ده ايه اللي حصله كل ما اجي اتصل منه مش بسمع اللي بيكلمني ولا اللي بيكلمني بيسمعني مع العلم اني جربت الموضوع ده في اجهزة اندرويد تانية الموضوع ده هنا في مصر بس لكن شغال في السعودية عادي ممكن حد يفيدنا في الموضوع ده
Negative,الاول كان جميل جداً كل مازد التحديث فية ساء اكتر من الاول مع انة المفروض العكس والدليل انة الوقت بقي يقطع ف الصوت وكمان دائما بيكون الاتصال غير مستقر اخر تحديث سيء جداً نرجو من حضارتكم ان ترجعوه مثل الاول جزاكم الله خير
Negative,كل لما اجي اسوي مكالمة اول ما يبدء يتصل يجيبلي رسالة يقولة ف مشكلة ف المكرفون او لو ف احد متصل علي ايش المشكلة
Negative,اناكنت فى الاول احبه ولكن لماكنت اغلق البرنامج لو حداتصل عليا كان بيديه ان البرنامج مفتوح وبكدا سبب مشاكل فكرهتو جدا
Negative,بعد اخر تحديث الصوت مش شغال الرجاء حل المشكلة بعد الاتصال والرد الصوت لا يعبر ف الاتجاهيين
Negative,بعد التحديث الاخير الصوت لا يمكن سماعه وجودة الصوت جدا سيئة أرجو حل المشكلة سريعا وشكرا.
Negative,هذا البرنامج فاشل بكل ماتعنيه الكلمه حطيت نجمه على شان التعليق والله خساره فيه تنزله بحوالك
Negative,كان يامكان الحين خرب العيون حبيبتي
Negative,ياجماعه ابي حل للمكالمات جهازي جلكسي وذا دق مابي يطلع لي بالشاشه فيه اتصال خفيت كل الشعارات وهم اذا احد اتصل يطلع لي ع الشاشه المكالمه ياريت تفيدوني لاهنتووو
Negative,عيال محدش ينزل التحديث ده خربان والله الاول كان زي الفل لكن التحديث ده خربان ابن خربان....؟
Negative,مشكله تسجيل الدخول في مشكله كل ما اسوي تسجيل دخول يقلي جاري التحميل في الاخير يقلي مافي نت والنت عندي 💯 💯
Negative,كان برنامج روعه الحين لا اتصال ولا رسايل ترضي ترتسل ممكن تحلو المشكله
Negative,لما ابغا اكلم فيديو يقلي لا يسمح لك الرجاء حل المشكله
Negative,لاشي في مشكلة في الاتصال يقول مشكلة في المكرفون تكفون شوفوا له حل
Negative,البرنامج مش شغال عندنا في مصر مش بنسمع حد ولا حد بيسمعنا
Negative,بعد التحديث دايمآ اﻻتصال غير مستقر ومفيش صوت
Negative,يا اخي مابتوصل الرسايل ألا عندما اكون فاتح اللاين
Positive,هو تطبيق جيد ولكن لااعرف رقم الشخص الا خر من خلال اسمه يعني كيف اريد ان اعرف ان رقم هذاالشخص من اسمه في الاين وايضا نريد منكم اظهار اذا كن الشخص متصل او غير متصل في البرنامج
Positive,السعودية ممتاز جدا ومعرب عندي وافضل ما يبين انك متصل من دوشة الناس بس تدخل وممتاز في كل شيئ♡ جيد بس مو عربي. الإرشادات لو تتعرب احسن .. ومايبين مين حاضر ومين غائب ..
Positive,صلوا على رسول الله (صلى الله عليه وسلم ) اروع برنامج اتصال فيديو وصوت ولا في اي مشكله من اللي بقولوا عليه صوت نقي وصورة واضحه .... بس عاوز نت قوي
Positive,جميل مره وحلو بس ياليت تضيفون اذا كان طالع من لاين اخر ضهور واذا كان داخل لاين متصل واذا قاعد يكتب تحطون يكتب... يعني مثل الواتس اب
Positive,الوصف جيد جدا جدا ممتاز روعة
Positive,ائع جدا وسهل جدا مبالغه حقيقه مبالغه التحييه لكل السودان واهلي في السودان
Positive,ممتاز سهل وواضح بالفيديو
Positive,انصح فيه الصراحة البرنامج ممتاز للي يحب يكلم مجاني لو كان ماعندك رصيد بجوالك
Positive,برنامج رائع رهيب و رائع جداً و صوت نقي و بيوفر فلوس كثير
Positive,تطبيق رائع...وفيه خصوصيه محدش يعرف دخلت امتي ..خرجت امتي ..انت حتي لو بتكتب اللي قدامك مش بيعرف ...
Positive,البرنامج جدا جميل بس كل ما أجي انزلوا يقلي لازم تعيدي التسجيل مره تانيه ارجو حل المشكله
Positive,السعودية انه رائع وواضح الصوت وغير متقطع
Positive,تطبيق رائع...وفيه خصوصيه محدش يعرف دخلت امتي ..خرجت امتي ..انت حتي لو بتكتب اللي قدامك مش بيعرف ...
Positive,شوشو خلو الكذب الي يقول انLlNE وسخ فهو الي وسخ والبرنامج حلو بكتيررررر. ويطقع بلبرامج كله فهمتو يا مصلحجي و لحوجي^_^
Positive,هو برنامج كويس بس فيه بعض العيوب زى انى معرفش إذا كان فى حد فاتح ولا لاء ولو حد عملى حظر برضو معرفش أنه عملى حظر نرجو التعديل
Positive,البرنامج رائع بس ينقص شئ واحد وهو معرفه إذا كان صديقي متصل وغير متصل الآن مثل البرامج الآخر لو تفضلتو ضفوا تلك الخاصيه وشكرا
Positive,السلام عليكم ورحمة الله وبركاته البرنمج حلو وان أعطيه 5 نجوم بس أريد طلب بصيط ارجو إضافة حاله متصل الأن وآخر ضهور وشكران جزيلا 💋❤🌷 حلو 100 في 100👏👏👏👏👍👍👍
Positive,ممتاز التطبيق ممتاز جدا، بالاخص بعد التحديثات الاخيرة التي تم من خلالها تطوير جودة الصوت، واختفاء التقطيع في الصوت تقريبا.
Positive,حلو حلو ولكي تاكدوا الرقم اضغطوا علي البلدان اعلي الرقم واختاروا البلد الي مقيمين فيها وبعدين اكتبوا الرقم بس
Positive,ممتاااز اطيب من الي ارخم منه برنامج ذكي ياخذعلومكم يارخوم ويعلم عليكم
Positive,خوش برنامج يستاهل الخمس النجوم روعه وسهل الاستخدام الشخصي بواسطة الإنترنت
Positive,تطبيق رائع...وفيه خصوصيه محدش يعرف دخلت امتي ..خرجت امتي ..انت حتي لو بتكتب اللي قدامك مش بيعرف ...
Negative,اخر تحديث سيئ و لما اتصل ما اسمع شي ولا يلي يكلمني يسمعني ...
Negative,كان ممتاز الآن زفت خربان مايمسك غالباً متعب جداً
Negative,اتمني تعديل خواص الاتصال لانه حاليا سيئ للغايه جوده الاتصال حاليا مش تمام
Negative,زفت زفت برنامج ولا له تلاتين لازمه اي كلام
Negative,البرنامج اصبح سيئ جدا لدرجة انه معاد يشتغل ايش المشكلة
Negative,كان جميل أما الان ضعيف جدا لدرجة أغلب الأوقات يطلع انة مافيش إتصال بالشبكه وانا اساسا اكون متصل
Negative,اكتر من شهر البرنامج مش كويس ومش عيب شبكات لان البرامج التانية شغالة كويس الاصدار القديم احسن بكتييييير
Negative,البرنامج بقااا زباله جدااااا كان الأول رائع بقاااا اوسخ برنامج ونجمه خسارة فيه اصلا
Negative,اصبح بطيئ جدا ويقطع الصووت نرجو التحسين
Negative,صراحه التحديث الجديد مره مستفز وزباله
Negative,خرا متل يلي مخترعو كس اختكن كلب
Negative,التحديث زبااااااااااااااااااااااااااالة كل اما تصل فديو يقفل لوحدة
Negative,كان احسن برنامج محادثات دلوقتي بعد آخر تحديث صار للأسف أحقر وأزبل برنامج
Negative,كل ما اتصل يقول الاتصال ما مستقر
Negative,الصوت و الصورة و حشة جدا و الاتصال بيقطع
Negative,كل تحديث أسوء من اللى قبله ياريت حل